,Unnamed: 0,TEAM,DATE,ROUND,TM,Unnamed: 5,OPP,RESULT,TD,PASS TD,RUSH TD,RET TD,FGM,XPM,XP2,SFTY,PTS
0,,Buffalo Bills,1/23/2022,AFC Divisional,BUF,@,KC,L36-42,5,4,1,0,0,4,1,0,36
1,,Buffalo Bills,1/15/2022,AFC Wild Card,BUF,vs,NE,W47-17,7,5,2,0,0,5,0,0,47
0,,Cincinnati Bengals,2/13/2022,Super Bowl,CIN,vs,LAR,L20-23,2,2,0,0,2,2,0,0,20
1,,Cincinnati Bengals,1/30/2022,AFC Championship,CIN,@,KC,W27-24,2,2,0,0,4,1,1,0,27
2,,Cincinnati Bengals,1/22/2022,AFC Divisional,CIN,@,TEN,W19-16,1,0,1,0,4,1,0,0,19
3,,Cincinnati Bengals,1/15/2022,AFC Wild Card,CIN,vs,LV,W26-19,2,2,0,0,4,2,0,0,26
0,,Green Bay Packers,1/22/2022,NFC Divisional,GB,vs,SF,L10-13,1,0,1,0,1,1,0,0,10
0,,Tennessee Titans,1/22/2022,AFC Divisional,TEN,vs,CIN,L16-19,2,1,1,0,1,1,0,0,16
0,,Las Vegas Raiders,1/15/2022,AFC Wild Card,LV,@,CIN,L19-26,1,1,0,0,4,1,0,0,19
0,,Tampa Bay Buccaneers,1/23/2022,NFC Divisional,TB,vs,LAR,L27-30,3,1,2,0,2,3,0,0,27
1,,Tampa Bay Buccaneers,1/16/2022,NFC Wild Card,TB,vs,PHI,W31-15,4,2,2,0,1,4,0,0,31
0,,New England Patriots,1/15/2022,AFC Wild Card,NE,@,BUF,L17-47,2,2,0,0,1,2,0,0,17
0,,Dallas Cowboys,1/16/2022,NFC Wild Card,DAL,vs,SF,L17-23,2,1,1,0,1,2,0,0,17
0,,Kansas City Chiefs,1/30/2022,AFC Championship,KC,vs,CIN,L24-27,3,3,0,0,1,3,0,0,24
1,,Kansas City Chiefs,1/23/2022,AFC Divisional,KC,vs,BUF,W42-36,5,3,2,0,3,3,0,0,42
2,,Kansas City Chiefs,1/16/2022,AFC Wild Card,KC,vs,PIT,W42-21,6,6,0,0,0,6,0,0,42
0,,Los Angeles Rams,2/13/2022,Super Bowl,LAR,@,CIN,W23-20,3,3,0,0,1,2,0,0,23
1,,Los Angeles Rams,1/30/2022,NFC Championship,LAR,vs,SF,W20-17,2,2,0,0,2,2,0,0,20
2,,Los Angeles Rams,1/23/2022,NFC Divisional,LAR,@,TB,W30-27,3,2,1,0,3,3,0,0,30
3,,Los Angeles Rams,1/17/2022,NFC Wild Card,LAR,vs,ARI,W34-11,4,2,1,1,2,4,0,0,34
0,,San Francisco 49ers,1/30/2022,NFC Championship,SF,@,LAR,L17-20,2,2,0,0,1,2,0,0,17
1,,San Francisco 49ers,1/22/2022,NFC Divisional,SF,@,GB,W13-10,1,0,0,1,2,1,0,0,13
2,,San Francisco 49ers,1/16/2022,NFC Wild Card,SF,@,DAL,W23-17,2,0,2,0,3,2,0,0,23
0,,Pittsburgh Steelers,1/16/2022,AFC Wild Card,PIT,@,KC,L21-42,3,2,0,1,0,3,0,0,21
0,,Philadelphia Eagles,1/16/2022,NFC Wild Card,PHI,@,TB,L15-31,2,1,1,0,0,1,1,0,15
0,,Arizona Cardinals,1/17/2022,NFC Wild Card,ARI,@,LAR,L11-34,1,0,1,0,1,0,1,0,11
0,,Buffalo Bills,1/24/2021,AFC Championship,BUF,@,KC,L24-38,2,2,0,0,4,0,0,0,24
1,,Buffalo Bills,1/16/2021,AFC Divisional,BUF,vs,BAL,W17-3,2,1,0,1,1,2,0,0,17
2,,Buffalo Bills,1/9/2021,AFC Wild Card,BUF,vs,IND,W27-24,3,2,1,0,2,3,0,0,27
0,,Chicago Bears,1/10/2021,NFC Wild Card,CHI,@,NO,L9-21,1,1,0,0,1,0,0,0,9
0,,Cleveland Browns,1/17/2021,AFC Divisional,CLE,@,KC,L17-22,2,1,1,0,1,2,0,0,17
1,,Cleveland Browns,1/10/2021,AFC Wild Card,CLE,@,PIT,W48-37,6,3,2,1,2,6,0,0,48
0,,Green Bay Packers,1/24/2021,NFC Championship,GB,vs,TB,L26-31,3,3,0,0,2,2,0,0,26
1,,Green Bay Packers,1/16/2021,NFC Divisional,GB,vs,LAR,W32-18,4,2,2,0,2,2,0,0,32
0,,Tennessee Titans,1/10/2021,AFC Wild Card,TEN,vs,BAL,L13-20,1,1,0,0,2,1,0,0,13
0,,Washington Football Team,1/9/2021,NFC Wild Card,WAS,vs,TB,L23-31,3,1,2,0,1,2,0,0,23
0,,Tampa Bay Buccaneers,2/7/2021,Super Bowl,TB,vs,KC,W31-9,4,3,1,0,1,4,0,0,31
1,,Tampa Bay Buccaneers,1/24/2021,NFC Championship,TB,@,GB,W31-26,4,3,1,0,1,4,0,0,31
2,,Tampa Bay Buccaneers,1/17/2021,NFC Divisional,TB,@,NO,W30-20,3,2,1,0,3,3,0,0,30
3,,Tampa Bay Buccaneers,1/9/2021,NFC Wild Card,TB,@,WAS,W31-23,3,2,1,0,4,1,0,0,31
0,,Indianapolis Colts,1/9/2021,AFC Wild Card,IND,@,BUF,L24-27,3,2,1,0,1,1,1,0,24
0,,Kansas City Chiefs,2/7/2021,Super Bowl,KC,@,TB,L9-31,0,0,0,0,3,0,0,0,9
1,,Kansas City Chiefs,1/24/2021,AFC Championship,KC,vs,BUF,W38-24,5,3,2,0,1,5,0,0,38
2,,Kansas City Chiefs,1/17/2021,AFC Divisional,KC,vs,CLE,W22-17,2,1,1,0,3,1,0,0,22
0,,New Orleans Saints,1/17/2021,NFC Divisional,NO,vs,TB,L20-30,2,2,0,0,2,2,0,0,20
1,,New Orleans Saints,1/10/2021,NFC Wild Card,NO,vs,CHI,W21-9,3,2,1,0,0,3,0,0,21
0,,Baltimore Ravens,1/16/2021,AFC Divisional,BAL,@,BUF,L3-17,0,0,0,0,1,0,0,0,3
1,,Baltimore Ravens,1/10/2021,AFC Wild Card,BAL,@,TEN,W20-13,2,0,2,0,2,2,0,0,20
0,,Los Angeles Rams,1/16/2021,NFC Divisional,LAR,@,GB,L18-32,2,1,1,0,1,1,1,0,18
1,,Los Angeles Rams,1/9/2021,NFC Wild Card,LAR,@,SEA,W30-20,3,1,1,1,3,3,0,0,30
0,,Seattle Seahawks,1/9/2021,NFC Wild Card,SEA,vs,LAR,L20-30,2,2,0,0,2,2,0,0,20
0,,Pittsburgh Steelers,1/10/2021,AFC Wild Card,PIT,vs,CLE,L37-48,5,4,1,0,1,2,1,0,37
0,,Buffalo Bills,1/4/2020,AFC Wild Card,BUF,@,HOU,L19-22,1,1,0,0,4,1,0,0,19
0,,Green Bay Packers,1/19/2020,NFC Championship,GB,@,SF,L20-37,3,2,1,0,0,2,0,0,20
1,,Green Bay Packers,1/12/2020,NFC Divisional,GB,vs,SEA,W28-23,4,2,2,0,0,4,0,0,28
0,,Tennessee Titans,1/19/2020,AFC Championship,TEN,@,KC,L24-35,3,2,1,0,1,3,0,0,24
1,,Tennessee Titans,1/11/2020,AFC Divisional,TEN,@,BAL,W28-12,4,3,1,0,0,4,0,0,28
2,,Tennessee Titans,1/4/2020,AFC Wild Card,TEN,@,NE,W20-13,3,1,1,1,0,2,0,0,20
0,,Houston Texans,1/12/2020,AFC Divisional,HOU,@,KC,L31-51,4,2,1,1,1,4,0,0,31
1,,Houston Texans,1/4/2020,AFC Wild Card,HOU,vs,BUF,W22-19,2,1,1,0,2,0,2,0,22
0,,New England Patriots,1/4/2020,AFC Wild Card,NE,vs,TEN,L13-20,1,0,1,0,2,1,0,0,13
0,,Kansas City Chiefs,2/2/2020,Super Bowl,KC,vs,SF,W31-20,4,2,2,0,1,4,0,0,31
1,,Kansas City Chiefs,1/19/2020,AFC Championship,KC,vs,TEN,W35-24,5,3,2,0,0,5,0,0,35
2,,Kansas City Chiefs,1/12/2020,AFC Divisional,KC,vs,HOU,W51-31,7,5,2,0,1,6,0,0,51
0,,New Orleans Saints,1/5/2020,NFC Wild Card,NO,vs,MIN,L20-26,2,1,1,0,2,2,0,0,20
0,,Baltimore Ravens,1/11/2020,AFC Divisional,BAL,vs,TEN,L12-28,1,1,0,0,2,0,0,0,12
0,,Seattle Seahawks,1/12/2020,NFC Divisional,SEA,@,GB,L23-28,3,1,2,0,1,2,0,0,23
1,,Seattle Seahawks,1/5/2020,NFC Wild Card,SEA,@,PHI,W17-9,2,1,1,0,1,2,0,0,17
0,,Minnesota Vikings,1/11/2020,NFC Divisional,MIN,@,SF,L10-27,1,1,0,0,1,1,0,0,10
1,,Minnesota Vikings,1/5/2020,NFC Wild Card,MIN,@,NO,W26-20,3,1,2,0,2,2,0,0,26
0,,San Francisco 49ers,2/2/2020,Super Bowl,SF,@,KC,L20-31,2,1,1,0,2,2,0,0,20
1,,San Francisco 49ers,1/19/2020,NFC Championship,SF,vs,GB,W37-20,4,0,4,0,3,4,0,0,37
2,,San Francisco 49ers,1/11/2020,NFC Divisional,SF,vs,MIN,W27-10,3,1,2,0,2,3,0,0,27
0,,Philadelphia Eagles,1/5/2020,NFC Wild Card,PHI,vs,SEA,L9-17,0,0,0,0,3,0,0,0,9
0,,Chicago Bears,1/6/2019,NFC Wild Card,CHI,vs,PHI,L15-16,1,1,0,0,3,0,0,0,15
0,,Houston Texans,1/5/2019,AFC Wild Card,HOU,vs,IND,L7-21,1,1,0,0,0,1,0,0,7
0,,New England Patriots,2/3/2019,Super Bowl,NE,@,LAR,W13-3,1,0,1,0,2,1,0,0,13
1,,New England Patriots,1/20/2019,AFC Championship,NE,@,KC,W37-31,5,1,4,0,1,4,0,0,37
2,,New England Patriots,1/13/2019,AFC Divisional,NE,vs,LAC,W41-28,5,1,4,0,2,5,0,0,41
0,,Dallas Cowboys,1/12/2019,NFC Divisional,DAL,@,LAR,L22-30,3,1,2,0,0,2,1,0,22
1,,Dallas Cowboys,1/5/2019,NFC Wild Card,DAL,vs,SEA,W24-22,3,1,2,0,1,3,0,0,24
0,,Indianapolis Colts,1/12/2019,AFC Divisional,IND,@,KC,L13-31,2,1,0,1,0,1,0,0,13
1,,Indianapolis Colts,1/5/2019,AFC Wild Card,IND,@,HOU,W21-7,3,2,1,0,0,3,0,0,21
0,,Kansas City Chiefs,1/20/2019,AFC Championship,KC,vs,NE,L31-37,4,3,1,0,1,4,0,0,31
1,,Kansas City Chiefs,1/12/2019,AFC Divisional,KC,vs,IND,W31-13,4,0,4,0,1,4,0,0,31
0,,New Orleans Saints,1/20/2019,NFC Championship,NO,vs,LAR,L23-26,2,2,0,0,3,2,0,0,23
1,,New Orleans Saints,1/13/2019,NFC Divisional,NO,vs,PHI,W20-14,2,2,0,0,2,2,0,0,20
0,,Baltimore Ravens,1/6/2019,AFC Wild Card,BAL,vs,LAC,L17-23,2,2,0,0,1,2,0,0,17
0,,Los Angeles Rams,2/3/2019,Super Bowl,LAR,vs,NE,L3-13,0,0,0,0,1,0,0,0,3
1,,Los Angeles Rams,1/20/2019,NFC Championship,LAR,@,NO,W26-23,2,1,1,0,4,2,0,0,26
2,,Los Angeles Rams,1/12/2019,NFC Divisional,LAR,vs,DAL,W30-22,3,0,3,0,3,3,0,0,30
0,,Seattle Seahawks,1/5/2019,NFC Wild Card,SEA,@,DAL,L22-24,2,1,1,0,2,0,2,0,22
0,,Los Angeles Chargers,1/13/2019,AFC Divisional,LAC,@,NE,L28-41,4,3,1,0,0,2,1,0,28
1,,Los Angeles Chargers,1/6/2019,AFC Wild Card,LAC,@,BAL,W23-17,1,0,1,0,5,0,1,0,23
0,,Philadelphia Eagles,1/13/2019,NFC Divisional,PHI,@,NO,L14-20,2,1,1,0,0,2,0,0,14
1,,Philadelphia Eagles,1/6/2019,NFC Wild Card,PHI,@,CHI,W16-15,2,2,0,0,1,1,0,0,16
0,,Buffalo Bills,1/7/2018,AFC Wild Card,BUF,@,JAX,L3-10,0,0,0,0,1,0,0,0,3
0,,Tennessee Titans,1/13/2018,AFC Divisional,TEN,@,NE,L14-35,2,2,0,0,0,2,0,0,14
1,,Tennessee Titans,1/6/2018,AFC Wild Card,TEN,@,KC,W22-21,3,2,1,0,1,1,0,0,22
0,,Carolina Panthers,1/7/2018,NFC Wild Card,CAR,@,NO,L26-31,2,2,0,0,4,2,0,0,26
0,,Jacksonville Jaguars,1/21/2018,AFC Championship,JAX,@,NE,L20-24,2,1,1,0,2,2,0,0,20
1,,Jacksonville Jaguars,1/14/2018,AFC Divisional,JAX,@,PIT,W45-42,6,1,4,1,1,6,0,0,45
2,,Jacksonville Jaguars,1/7/2018,AFC Wild Card,JAX,vs,BUF,W10-3,1,1,0,0,1,1,0,0,10
0,,New England Patriots,2/4/2018,Super Bowl,NE,vs,PHI,L33-41,4,3,1,0,2,3,0,0,33
1,,New England Patriots,1/21/2018,AFC Championship,NE,vs,JAX,W24-20,3,2,1,0,1,3,0,0,24
2,,New England Patriots,1/13/2018,AFC Divisional,NE,vs,TEN,W35-14,5,3,2,0,0,5,0,0,35
0,,Atlanta Falcons,1/13/2018,NFC Divisional,ATL,@,PHI,L10-15,1,1,0,0,1,1,0,0,10
1,,Atlanta Falcons,1/6/2018,NFC Wild Card,ATL,@,LAR,W26-13,2,1,1,0,4,2,0,0,26
0,,Kansas City Chiefs,1/6/2018,AFC Wild Card,KC,vs,TEN,L21-22,3,2,1,0,0,3,0,0,21
0,,New Orleans Saints,1/14/2018,NFC Divisional,NO,@,MIN,L24-29,3,3,0,0,1,3,0,0,24
1,,New Orleans Saints,1/7/2018,NFC Wild Card,NO,vs,CAR,W31-26,4,2,2,0,1,4,0,0,31
0,,Los Angeles Rams,1/6/2018,NFC Wild Card,LAR,vs,ATL,L13-26,1,1,0,0,2,1,0,0,13
0,,Minnesota Vikings,1/21/2018,NFC Championship,MIN,@,PHI,L7-38,1,1,0,0,0,1,0,0,7
1,,Minnesota Vikings,1/14/2018,NFC Divisional,MIN,vs,NO,W29-24,3,1,2,0,3,2,0,0,29
0,,Pittsburgh Steelers,1/14/2018,AFC Divisional,PIT,vs,JAX,L42-45,6,5,1,0,0,6,0,0,42
0,,Philadelphia Eagles,2/4/2018,Super Bowl,PHI,@,NE,W41-33,5,4,1,0,3,2,0,0,41
1,,Philadelphia Eagles,1/21/2018,NFC Championship,PHI,vs,MIN,W38-7,5,3,1,1,1,5,0,0,38
2,,Philadelphia Eagles,1/13/2018,NFC Divisional,PHI,vs,ATL,W15-10,1,0,1,0,3,0,0,0,15
0,,New York Giants,1/8/2017,NFC Wild Card,NYG,@,GB,L13-38,1,1,0,0,2,1,0,0,13
0,,Green Bay Packers,1/22/2017,NFC Championship,GB,@,ATL,L21-44,3,3,0,0,0,1,1,0,21
1,,Green Bay Packers,1/15/2017,NFC Divisional,GB,@,DAL,W34-31,4,2,2,0,2,4,0,0,34
2,,Green Bay Packers,1/8/2017,NFC Wild Card,GB,vs,NYG,W38-13,5,4,1,0,1,5,0,0,38
0,,Miami Dolphins,1/8/2017,AFC Wild Card,MIA,@,PIT,L12-30,1,1,0,0,2,0,0,0,12
0,,Oakland Raiders,1/7/2017,AFC Wild Card,OAK,@,HOU,L14-27,2,1,1,0,0,2,0,0,14
0,,Houston Texans,1/14/2017,AFC Divisional,HOU,@,NE,L16-34,1,1,0,0,3,1,0,0,16
1,,Houston Texans,1/7/2017,AFC Wild Card,HOU,vs,OAK,W27-14,3,1,2,0,2,3,0,0,27
0,,New England Patriots,2/5/2017,Super Bowl,NE,@,ATL,W34-28,4,2,2,0,2,0,2,0,34
1,,New England Patriots,1/22/2017,AFC Championship,NE,vs,PIT,W36-17,4,3,1,0,3,3,0,0,36
2,,New England Patriots,1/14/2017,AFC Divisional,NE,vs,HOU,W34-16,4,2,1,1,2,4,0,0,34
0,,Atlanta Falcons,2/5/2017,Super Bowl,ATL,vs,NE,L28-34,4,2,1,1,0,4,0,0,28
1,,Atlanta Falcons,1/22/2017,NFC Championship,ATL,vs,GB,W44-21,6,4,2,0,1,5,0,0,44
2,,Atlanta Falcons,1/14/2017,NFC Divisional,ATL,vs,SEA,W36-20,4,3,1,0,2,4,0,1,36
0,,Dallas Cowboys,1/15/2017,NFC Divisional,DAL,vs,GB,L31-34,3,3,0,0,3,2,1,0,31
0,,Kansas City Chiefs,1/15/2017,AFC Divisional,KC,vs,PIT,L16-18,2,1,1,0,1,1,0,0,16
0,,Seattle Seahawks,1/14/2017,NFC Divisional,SEA,@,ATL,L20-36,2,2,0,0,2,2,0,0,20
1,,Seattle Seahawks,1/7/2017,NFC Wild Card,SEA,vs,DET,W26-6,3,2,1,0,2,2,0,0,26
0,,Pittsburgh Steelers,1/22/2017,AFC Championship,PIT,@,NE,L17-36,2,1,1,0,1,0,1,0,17
1,,Pittsburgh Steelers,1/15/2017,AFC Divisional,PIT,@,KC,W18-16,0,0,0,0,6,0,0,0,18
2,,Pittsburgh Steelers,1/8/2017,AFC Wild Card,PIT,vs,MIA,W30-12,4,2,2,0,1,3,0,0,30
0,,Detroit Lions,1/7/2017,NFC Wild Card,DET,@,SEA,L6-26,0,0,0,0,2,0,0,0,6
0,,Cincinnati Bengals,1/9/2016,AFC Wild Card,CIN,vs,PIT,L16-18,2,1,1,0,1,1,0,0,16
0,,Green Bay Packers,1/16/2016,NFC Divisional,GB,@,ARI,L20-26,2,2,0,0,2,2,0,0,20
1,,Green Bay Packers,1/10/2016,NFC Wild Card,GB,@,WAS,W35-18,4,2,2,0,2,3,1,0,35
0,,Washington Redskins,1/10/2016,NFC Wild Card,WAS,vs,GB,L18-35,2,1,1,0,1,1,0,1,18
0,,Carolina Panthers,2/7/2016,Super Bowl,CAR,@,DEN,L10-24,1,0,1,0,1,1,0,0,10
1,,Carolina Panthers,1/24/2016,NFC Championship,CAR,vs,ARI,W49-15,6,2,3,1,2,5,1,0,49
2,,Carolina Panthers,1/17/2016,NFC Divisional,CAR,vs,SEA,W31-24,4,1,2,1,1,4,0,0,31
0,,Denver Broncos,2/7/2016,Super Bowl,DEN,vs,CAR,W24-10,2,0,1,1,3,1,1,0,24
1,,Denver Broncos,1/24/2016,AFC Championship,DEN,vs,NE,W20-18,2,2,0,0,2,2,0,0,20
2,,Denver Broncos,1/17/2016,AFC Divisional,DEN,vs,PIT,W23-16,1,0,1,0,5,0,1,0,23
0,,Houston Texans,1/9/2016,AFC Wild Card,HOU,vs,KC,L0-30,0,0,0,0,0,0,0,0,0
0,,New England Patriots,1/24/2016,AFC Championship,NE,@,DEN,L18-20,2,1,1,0,2,0,0,0,18
1,,New England Patriots,1/16/2016,AFC Divisional,NE,vs,KC,W27-20,3,2,1,0,2,3,0,0,27
0,,Kansas City Chiefs,1/16/2016,AFC Divisional,KC,@,NE,L20-27,2,1,1,0,2,2,0,0,20
1,,Kansas City Chiefs,1/9/2016,AFC Wild Card,KC,@,HOU,W30-0,3,1,1,1,3,3,0,0,30
0,,Seattle Seahawks,1/17/2016,NFC Divisional,SEA,@,CAR,L24-31,3,3,0,0,1,3,0,0,24
1,,Seattle Seahawks,1/10/2016,NFC Wild Card,SEA,@,MIN,W10-9,1,1,0,0,1,1,0,0,10
0,,Minnesota Vikings,1/10/2016,NFC Wild Card,MIN,vs,SEA,L9-10,0,0,0,0,3,0,0,0,9
0,,Pittsburgh Steelers,1/17/2016,AFC Divisional,PIT,@,DEN,L16-23,1,0,1,0,3,1,0,0,16
1,,Pittsburgh Steelers,1/9/2016,AFC Wild Card,PIT,@,CIN,W18-16,1,1,0,0,4,0,0,0,18
0,,Arizona Cardinals,1/24/2016,NFC Championship,ARI,@,CAR,L15-49,2,1,1,0,0,1,1,0,15
1,,Arizona Cardinals,1/16/2016,NFC Divisional,ARI,vs,GB,W26-20,3,3,0,0,2,2,0,0,26
0,,Cincinnati Bengals,1/4/2015,AFC Wild Card,CIN,@,IND,L10-26,1,0,1,0,1,1,0,0,10
0,,Green Bay Packers,1/18/2015,NFC Championship,GB,@,SEA,L22-28,1,1,0,0,5,1,0,0,22
1,,Green Bay Packers,1/11/2015,NFC Divisional,GB,vs,DAL,W26-21,3,3,0,0,2,2,0,0,26
0,,Carolina Panthers,1/10/2015,NFC Divisional,CAR,@,SEA,L17-31,2,2,0,0,1,2,0,0,17
1,,Carolina Panthers,1/3/2015,NFC Wild Card,CAR,vs,ARI,W27-16,3,2,1,0,2,3,0,0,27
0,,Denver Broncos,1/11/2015,AFC Divisional,DEN,vs,IND,L13-24,1,1,0,0,2,1,0,0,13
0,,New England Patriots,2/1/2015,Super Bowl,NE,@,SEA,W28-24,4,4,0,0,0,4,0,0,28
1,,New England Patriots,1/18/2015,AFC Championship,NE,vs,IND,W45-7,6,3,3,0,1,6,0,0,45
2,,New England Patriots,1/10/2015,AFC Divisional,NE,vs,BAL,W35-31,5,4,1,0,0,5,0,0,35
0,,Dallas Cowboys,1/11/2015,NFC Divisional,DAL,@,GB,L21-26,3,2,1,0,0,3,0,0,21
1,,Dallas Cowboys,1/4/2015,NFC Wild Card,DAL,vs,DET,W24-20,3,2,1,0,1,3,0,0,24
0,,Indianapolis Colts,1/18/2015,AFC Championship,IND,@,NE,L7-45,1,0,1,0,0,1,0,0,7
1,,Indianapolis Colts,1/11/2015,AFC Divisional,IND,@,DEN,W24-13,3,2,1,0,1,3,0,0,24
2,,Indianapolis Colts,1/4/2015,AFC Wild Card,IND,vs,CIN,W26-10,2,1,1,0,4,2,0,0,26
0,,Baltimore Ravens,1/10/2015,AFC Divisional,BAL,@,NE,L31-35,4,4,0,0,1,4,0,0,31
1,,Baltimore Ravens,1/3/2015,AFC Wild Card,BAL,@,PIT,W30-17,3,2,1,0,3,3,0,0,30
0,,Seattle Seahawks,2/1/2015,Super Bowl,SEA,vs,NE,L24-28,3,2,1,0,1,3,0,0,24
1,,Seattle Seahawks,1/18/2015,NFC Championship,SEA,vs,GB,W28-22,4,2,2,0,0,2,1,0,28
2,,Seattle Seahawks,1/10/2015,NFC Divisional,SEA,vs,CAR,W31-17,4,3,0,1,1,4,0,0,31
0,,Pittsburgh Steelers,1/3/2015,AFC Wild Card,PIT,vs,BAL,L17-30,1,1,0,0,3,0,0,1,17
0,,Arizona Cardinals,1/3/2015,NFC Wild Card,ARI,@,CAR,L16-27,2,1,1,0,0,2,0,1,16
0,,Detroit Lions,1/4/2015,NFC Wild Card,DET,@,DAL,L20-24,2,1,1,0,2,2,0,0,20
0,,Cincinnati Bengals,1/5/2014,AFC Wild Card,CIN,vs,SD,L10-27,1,1,0,0,1,1,0,0,10
0,,Green Bay Packers,1/5/2014,NFC Wild Card,GB,vs,SF,L20-23,2,1,1,0,2,2,0,0,20
0,,Carolina Panthers,1/12/2014,NFC Divisional,CAR,vs,SF,L10-23,1,1,0,0,1,1,0,0,10
0,,Denver Broncos,2/2/2014,Super Bowl,DEN,vs,SEA,L8-43,1,1,0,0,0,0,1,0,8
1,,Denver Broncos,1/19/2014,AFC Championship,DEN,vs,NE,W26-16,2,2,0,0,4,2,0,0,26
2,,Denver Broncos,1/12/2014,AFC Divisional,DEN,vs,SD,W24-17,3,2,1,0,1,3,0,0,24
0,,New England Patriots,1/19/2014,AFC Championship,NE,@,DEN,L16-26,2,1,1,0,1,1,0,0,16
1,,New England Patriots,1/11/2014,AFC Divisional,NE,vs,IND,W43-22,6,0,6,0,0,5,1,0,43
0,,Indianapolis Colts,1/11/2014,AFC Divisional,IND,@,NE,L22-43,2,2,0,0,2,2,0,1,22
1,,Indianapolis Colts,1/4/2014,AFC Wild Card,IND,vs,KC,W45-44,6,4,1,1,1,6,0,0,45
0,,Kansas City Chiefs,1/4/2014,AFC Wild Card,KC,@,IND,L44-45,5,4,1,0,3,5,0,0,44
0,,New Orleans Saints,1/11/2014,NFC Divisional,NO,@,SEA,L15-23,2,1,1,0,0,1,1,0,15
1,,New Orleans Saints,1/4/2014,NFC Wild Card,NO,@,PHI,W26-24,2,1,1,0,4,2,0,0,26
0,,Seattle Seahawks,2/2/2014,Super Bowl,SEA,@,DEN,W43-8,5,2,1,2,2,5,0,1,43
1,,Seattle Seahawks,1/19/2014,NFC Championship,SEA,vs,SF,W23-17,2,1,1,0,3,2,0,0,23
2,,Seattle Seahawks,1/11/2014,NFC Divisional,SEA,vs,NO,W23-15,2,0,2,0,3,2,0,0,23
0,,San Diego Chargers,1/12/2014,AFC Divisional,SD,@,DEN,L17-24,2,2,0,0,1,2,0,0,17
1,,San Diego Chargers,1/5/2014,AFC Wild Card,SD,@,CIN,W27-10,3,1,2,0,2,3,0,0,27
0,,San Francisco 49ers,1/19/2014,NFC Championship,SF,@,SEA,L17-23,2,1,1,0,1,2,0,0,17
1,,San Francisco 49ers,1/12/2014,NFC Divisional,SF,@,CAR,W23-10,2,1,1,0,3,2,0,0,23
2,,San Francisco 49ers,1/5/2014,NFC Wild Card,SF,@,GB,W23-20,2,1,1,0,3,2,0,0,23
0,,Philadelphia Eagles,1/4/2014,NFC Wild Card,PHI,vs,NO,L24-26,3,2,1,0,1,3,0,0,24
0,,Cincinnati Bengals,1/5/2013,AFC Wild Card,CIN,@,HOU,L13-19,1,0,0,1,2,1,0,0,13
0,,Green Bay Packers,1/12/2013,NFC Divisional,GB,@,SF,L31-45,4,2,1,1,1,4,0,0,31
1,,Green Bay Packers,1/5/2013,NFC Wild Card,GB,vs,MIN,W24-10,3,1,2,0,1,3,0,0,24
0,,Washington Redskins,1/6/2013,NFC Wild Card,WAS,vs,SEA,L14-24,2,2,0,0,0,2,0,0,14
0,,Denver Broncos,1/12/2013,AFC Divisional,DEN,vs,BAL,L35-38,5,3,0,2,0,5,0,0,35
0,,Houston Texans,1/13/2013,AFC Divisional,HOU,@,NE,L28-41,3,2,1,0,2,2,1,0,28
1,,Houston Texans,1/5/2013,AFC Wild Card,HOU,vs,CIN,W19-13,1,0,1,0,4,1,0,0,19
0,,New England Patriots,1/20/2013,AFC Championship,NE,vs,BAL,L13-28,1,1,0,0,2,1,0,0,13
1,,New England Patriots,1/13/2013,AFC Divisional,NE,vs,HOU,W41-28,5,3,2,0,2,5,0,0,41
0,,Atlanta Falcons,1/20/2013,NFC Championship,ATL,vs,SF,L24-28,3,3,0,0,1,3,0,0,24
1,,Atlanta Falcons,1/13/2013,NFC Divisional,ATL,vs,SEA,W30-28,3,3,0,0,3,3,0,0,30
0,,Indianapolis Colts,1/6/2013,AFC Wild Card,IND,@,BAL,L9-24,0,0,0,0,3,0,0,0,9
0,,Baltimore Ravens,2/3/2013,Super Bowl,BAL,@,SF,W34-31,4,3,0,1,2,4,0,0,34
1,,Baltimore Ravens,1/20/2013,AFC Championship,BAL,@,NE,W28-13,4,3,1,0,0,4,0,0,28
2,,Baltimore Ravens,1/12/2013,AFC Divisional,BAL,@,DEN,W38-35,5,3,1,1,1,5,0,0,38
3,,Baltimore Ravens,1/6/2013,AFC Wild Card,BAL,vs,IND,W24-9,3,2,1,0,1,3,0,0,24
0,,Seattle Seahawks,1/13/2013,NFC Divisional,SEA,@,ATL,L28-30,4,2,2,0,0,4,0,0,28
1,,Seattle Seahawks,1/6/2013,NFC Wild Card,SEA,@,WAS,W24-14,2,1,1,0,3,1,1,0,24
0,,Minnesota Vikings,1/5/2013,NFC Wild Card,MIN,@,GB,L10-24,1,1,0,0,1,1,0,0,10
0,,San Francisco 49ers,2/3/2013,Super Bowl,SF,vs,BAL,L31-34,3,1,2,0,3,2,0,1,31
1,,San Francisco 49ers,1/20/2013,NFC Championship,SF,@,ATL,W28-24,4,1,3,0,0,4,0,0,28
2,,San Francisco 49ers,1/12/2013,NFC Divisional,SF,vs,GB,W45-31,6,2,4,0,1,6,0,0,45
0,,New York Giants,2/5/2012,Super Bowl,NYG,@,NE,W21-17,2,1,1,0,2,1,0,1,21
1,,New York Giants,1/22/2012,NFC Championship,NYG,@,SF,W20-17,2,2,0,0,2,2,0,0,20
2,,New York Giants,1/15/2012,NFC Divisional,NYG,@,GB,W37-20,4,3,1,0,3,4,0,0,37
3,,New York Giants,1/8/2012,NFC Wild Card,NYG,vs,ATL,W24-2,3,3,0,0,1,3,0,0,24
0,,Cincinnati Bengals,1/7/2012,AFC Wild Card,CIN,@,HOU,L10-31,1,0,1,0,1,1,0,0,10
0,,Green Bay Packers,1/15/2012,NFC Divisional,GB,vs,NYG,L20-37,2,2,0,0,2,2,0,0,20
0,,Denver Broncos,1/14/2012,AFC Divisional,DEN,@,NE,L10-45,1,0,1,0,1,1,0,0,10
1,,Denver Broncos,1/8/2012,AFC Wild Card,DEN,vs,PIT,W29-23,3,2,1,0,3,2,0,0,29
0,,Houston Texans,1/15/2012,AFC Divisional,HOU,@,BAL,L13-20,1,0,1,0,2,1,0,0,13
1,,Houston Texans,1/7/2012,AFC Wild Card,HOU,vs,CIN,W31-10,4,1,2,1,1,4,0,0,31
0,,New England Patriots,2/5/2012,Super Bowl,NE,vs,NYG,L17-21,2,2,0,0,1,2,0,0,17
1,,New England Patriots,1/22/2012,AFC Championship,NE,vs,BAL,W23-20,2,0,2,0,3,2,0,0,23
2,,New England Patriots,1/14/2012,AFC Divisional,NE,vs,DEN,W45-10,6,6,0,0,1,6,0,0,45
0,,Atlanta Falcons,1/8/2012,NFC Wild Card,ATL,@,NYG,L2-24,0,0,0,0,0,0,0,1,2
0,,New Orleans Saints,1/14/2012,NFC Divisional,NO,@,SF,L32-36,4,4,0,0,1,3,1,0,32
1,,New Orleans Saints,1/7/2012,NFC Wild Card,NO,vs,DET,W45-28,6,3,3,0,1,6,0,0,45
0,,Baltimore Ravens,1/22/2012,AFC Championship,BAL,@,NE,L20-23,2,2,0,0,2,2,0,0,20
1,,Baltimore Ravens,1/15/2012,AFC Divisional,BAL,vs,HOU,W20-13,2,2,0,0,2,2,0,0,20
0,,San Francisco 49ers,1/22/2012,NFC Championship,SF,vs,NYG,L17-20,2,2,0,0,1,2,0,0,17
1,,San Francisco 49ers,1/14/2012,NFC Divisional,SF,vs,NO,W36-32,4,3,1,0,3,3,0,0,36
0,,Pittsburgh Steelers,1/8/2012,AFC Wild Card,PIT,@,DEN,L23-29,2,1,1,0,3,2,0,0,23
0,,Detroit Lions,1/7/2012,NFC Wild Card,DET,@,NO,L28-45,4,3,1,0,0,4,0,0,28
0,,Chicago Bears,1/23/2011,NFC Championship,CHI,vs,GB,L14-21,2,1,1,0,0,2,0,0,14
1,,Chicago Bears,1/16/2011,NFC Divisional,CHI,vs,SEA,W35-24,5,2,3,0,0,5,0,0,35
0,,Green Bay Packers,2/6/2011,Super Bowl,GB,vs,PIT,W31-25,4,3,0,1,1,4,0,0,31
1,,Green Bay Packers,1/23/2011,NFC Championship,GB,@,CHI,W21-14,3,0,2,1,0,3,0,0,21
2,,Green Bay Packers,1/15/2011,NFC Divisional,GB,@,ATL,W48-21,6,3,2,1,2,6,0,0,48
3,,Green Bay Packers,1/9/2011,NFC Wild Card,GB,@,PHI,W21-16,3,3,0,0,0,3,0,0,21
0,,New England Patriots,1/16/2011,AFC Divisional,NE,vs,NYJ,L21-28,2,2,0,0,2,1,1,0,21
0,,Atlanta Falcons,1/15/2011,NFC Divisional,ATL,vs,GB,L21-48,3,1,1,1,0,3,0,0,21
0,,Indianapolis Colts,1/8/2011,AFC Wild Card,IND,vs,NYJ,L16-17,1,1,0,0,3,1,0,0,16
0,,Kansas City Chiefs,1/9/2011,AFC Wild Card,KC,vs,BAL,L7-30,1,0,1,0,0,1,0,0,7
0,,New Orleans Saints,1/8/2011,NFC Wild Card,NO,@,SEA,L36-41,4,2,2,0,3,3,0,0,36
0,,New York Jets,1/23/2011,AFC Championship,NYJ,@,PIT,L19-24,2,2,0,0,1,2,0,1,19
1,,New York Jets,1/16/2011,AFC Divisional,NYJ,@,NE,W28-21,4,3,1,0,0,4,0,0,28
2,,New York Jets,1/8/2011,AFC Wild Card,NYJ,@,IND,W17-16,2,0,2,0,1,2,0,0,17
0,,Baltimore Ravens,1/15/2011,AFC Divisional,BAL,@,PIT,L24-31,3,1,1,1,1,3,0,0,24
1,,Baltimore Ravens,1/9/2011,AFC Wild Card,BAL,@,KC,W30-7,3,2,1,0,3,3,0,0,30
0,,Seattle Seahawks,1/16/2011,NFC Divisional,SEA,@,CHI,L24-35,3,3,0,0,1,3,0,0,24
1,,Seattle Seahawks,1/8/2011,NFC Wild Card,SEA,vs,NO,W41-36,5,4,1,0,2,5,0,0,41
0,,Pittsburgh Steelers,2/6/2011,Super Bowl,PIT,@,GB,L25-31,3,2,1,0,1,2,1,0,25
1,,Pittsburgh Steelers,1/23/2011,AFC Championship,PIT,vs,NYJ,W24-19,3,0,2,1,1,3,0,0,24
2,,Pittsburgh Steelers,1/15/2011,AFC Divisional,PIT,vs,BAL,W31-24,4,2,2,0,1,4,0,0,31
0,,Philadelphia Eagles,1/9/2011,NFC Wild Card,PHI,vs,GB,L16-21,2,1,1,0,1,1,0,0,16
0,,Cincinnati Bengals,1/9/2010,AFC Wild Card,CIN,vs,NYJ,L14-24,2,1,1,0,0,2,0,0,14
0,,Green Bay Packers,1/10/2010,NFC Wild Card,GB,@,ARI,L45-51,6,4,2,0,1,6,0,0,45
0,,New England Patriots,1/10/2010,AFC Wild Card,NE,vs,BAL,L14-33,2,2,0,0,0,2,0,0,14
0,,Dallas Cowboys,1/17/2010,NFC Divisional,DAL,@,MIN,L3-34,0,0,0,0,1,0,0,0,3
1,,Dallas Cowboys,1/9/2010,NFC Wild Card,DAL,vs,PHI,W34-14,4,2,2,0,2,4,0,0,34
0,,Indianapolis Colts,2/7/2010,Super Bowl,IND,vs,NO,L17-31,2,1,1,0,1,2,0,0,17
1,,Indianapolis Colts,1/24/2010,AFC Championship,IND,vs,NYJ,W30-17,3,3,0,0,3,3,0,0,30
2,,Indianapolis Colts,1/16/2010,AFC Divisional,IND,vs,BAL,W20-3,2,2,0,0,2,2,0,0,20
0,,New Orleans Saints,2/7/2010,Super Bowl,NO,@,IND,W31-17,3,2,0,1,3,2,1,0,31
1,,New Orleans Saints,1/24/2010,NFC Championship,NO,vs,MIN,W31-28,4,3,1,0,1,4,0,0,31
2,,New Orleans Saints,1/16/2010,NFC Divisional,NO,vs,ARI,W45-14,6,3,2,1,1,6,0,0,45
0,,New York Jets,1/24/2010,AFC Championship,NYJ,@,IND,L17-30,2,2,0,0,1,2,0,0,17
1,,New York Jets,1/17/2010,AFC Divisional,NYJ,@,SD,W17-14,2,1,1,0,1,2,0,0,17
2,,New York Jets,1/9/2010,AFC Wild Card,NYJ,@,CIN,W24-14,3,1,2,0,1,3,0,0,24
0,,Baltimore Ravens,1/16/2010,AFC Divisional,BAL,@,IND,L3-20,0,0,0,0,1,0,0,0,3
1,,Baltimore Ravens,1/10/2010,AFC Wild Card,BAL,@,NE,W33-14,4,0,4,0,2,3,0,0,33
0,,Minnesota Vikings,1/24/2010,NFC Championship,MIN,@,NO,L28-31,4,1,3,0,0,4,0,0,28
1,,Minnesota Vikings,1/17/2010,NFC Divisional,MIN,vs,DAL,W34-3,4,4,0,0,2,4,0,0,34
0,,San Diego Chargers,1/17/2010,AFC Divisional,SD,vs,NYJ,L14-17,2,1,1,0,0,2,0,0,14
0,,Philadelphia Eagles,1/9/2010,NFC Wild Card,PHI,@,DAL,L14-34,2,2,0,0,0,2,0,0,14
0,,Arizona Cardinals,1/16/2010,NFC Divisional,ARI,@,NO,L14-45,2,0,2,0,0,2,0,0,14
1,,Arizona Cardinals,1/10/2010,NFC Wild Card,ARI,vs,GB,W51-45,7,5,1,1,1,6,0,0,51
0,,New York Giants,1/11/2009,NFC Divisional,NYG,vs,PHI,L11-23,0,0,0,0,3,0,0,1,11
0,,Tennessee Titans,1/10/2009,AFC Divisional,TEN,vs,BAL,L10-13,1,0,1,0,1,1,0,0,10
0,,Miami Dolphins,1/4/2009,AFC Wild Card,MIA,vs,BAL,L9-27,1,1,0,0,1,0,0,0,9
0,,Carolina Panthers,1/10/2009,NFC Divisional,CAR,vs,ARI,L13-33,2,1,1,0,0,1,0,0,13
0,,Atlanta Falcons,1/3/2009,NFC Wild Card,ATL,@,ARI,L24-30,3,2,1,0,1,3,0,0,24
0,,Indianapolis Colts,1/3/2009,AFC Wild Card,IND,@,SD,L17-23,2,1,1,0,1,2,0,0,17
0,,Baltimore Ravens,1/18/2009,AFC Championship,BAL,@,PIT,L14-23,2,0,2,0,0,2,0,0,14
1,,Baltimore Ravens,1/10/2009,AFC Divisional,BAL,@,TEN,W13-10,1,1,0,0,2,1,0,0,13
2,,Baltimore Ravens,1/4/2009,AFC Wild Card,BAL,@,MIA,W27-9,3,0,2,1,2,3,0,0,27
0,,Minnesota Vikings,1/4/2009,NFC Wild Card,MIN,vs,PHI,L14-26,2,0,2,0,0,2,0,0,14
0,,San Diego Chargers,1/11/2009,AFC Divisional,SD,@,PIT,L24-35,3,3,0,0,1,3,0,0,24
1,,San Diego Chargers,1/3/2009,AFC Wild Card,SD,vs,IND,W23-17,3,0,3,0,1,2,0,0,23
0,,Pittsburgh Steelers,2/1/2009,Super Bowl,PIT,@,ARI,W27-23,3,1,1,1,2,3,0,0,27
1,,Pittsburgh Steelers,1/18/2009,AFC Championship,PIT,vs,BAL,W23-14,2,1,0,1,3,2,0,0,23
2,,Pittsburgh Steelers,1/11/2009,AFC Divisional,PIT,vs,SD,W35-24,5,1,3,1,0,5,0,0,35
0,,Philadelphia Eagles,1/18/2009,NFC Championship,PHI,@,ARI,L25-32,3,3,0,0,2,1,0,0,25
1,,Philadelphia Eagles,1/11/2009,NFC Divisional,PHI,@,NYG,W23-11,2,1,1,0,3,2,0,0,23
2,,Philadelphia Eagles,1/4/2009,NFC Wild Card,PHI,@,MIN,W26-14,2,1,0,1,4,2,0,0,26
0,,Arizona Cardinals,2/1/2009,Super Bowl,ARI,vs,PIT,L23-27,3,3,0,0,0,3,0,1,23
1,,Arizona Cardinals,1/18/2009,NFC Championship,ARI,vs,PHI,W32-25,4,4,0,0,1,3,1,0,32
2,,Arizona Cardinals,1/10/2009,NFC Divisional,ARI,@,CAR,W33-13,3,2,1,0,4,3,0,0,33
3,,Arizona Cardinals,1/3/2009,NFC Wild Card,ARI,vs,ATL,W30-24,4,2,1,1,0,4,0,1,30
0,,New York Giants,2/3/2008,Super Bowl,NYG,@,NE,W17-14,2,2,0,0,1,2,0,0,17
1,,New York Giants,1/20/2008,NFC Championship,NYG,@,GB,W23-20,2,0,2,0,3,2,0,0,23
2,,New York Giants,1/13/2008,NFC Divisional,NYG,@,DAL,W21-17,3,2,1,0,0,3,0,0,21
3,,New York Giants,1/6/2008,NFC Wild Card,NYG,@,TB,W24-14,3,2,1,0,1,3,0,0,24
0,,Green Bay Packers,1/20/2008,NFC Championship,GB,vs,NYG,L20-23,2,2,0,0,2,2,0,0,20
1,,Green Bay Packers,1/12/2008,NFC Divisional,GB,vs,SEA,W42-20,6,3,3,0,0,6,0,0,42
0,,Tennessee Titans,1/6/2008,AFC Wild Card,TEN,@,SD,L6-17,0,0,0,0,2,0,0,0,6
0,,Washington Redskins,1/5/2008,NFC Wild Card,WAS,@,SEA,L14-35,2,2,0,0,0,2,0,0,14
0,,Jacksonville Jaguars,1/12/2008,AFC Divisional,JAX,@,NE,L20-31,2,2,0,0,2,2,0,0,20
1,,Jacksonville Jaguars,1/5/2008,AFC Wild Card,JAX,@,PIT,W31-29,4,1,2,1,1,4,0,0,31
0,,Tampa Bay Buccaneers,1/6/2008,NFC Wild Card,TB,vs,NYG,L14-24,2,1,1,0,0,2,0,0,14
0,,New England Patriots,2/3/2008,Super Bowl,NE,vs,NYG,L14-17,2,1,1,0,0,2,0,0,14
1,,New England Patriots,1/20/2008,AFC Championship,NE,vs,SD,W21-12,3,2,1,0,0,3,0,0,21
2,,New England Patriots,1/12/2008,AFC Divisional,NE,vs,JAX,W31-20,4,3,1,0,1,4,0,0,31
0,,Dallas Cowboys,1/13/2008,NFC Divisional,DAL,vs,NYG,L17-21,2,1,1,0,1,2,0,0,17
0,,Indianapolis Colts,1/13/2008,AFC Divisional,IND,vs,SD,L24-28,3,3,0,0,1,3,0,0,24
0,,Seattle Seahawks,1/12/2008,NFC Divisional,SEA,@,GB,L20-42,2,1,1,0,2,2,0,0,20
1,,Seattle Seahawks,1/5/2008,NFC Wild Card,SEA,vs,WAS,W35-14,4,1,1,2,2,3,1,0,35
0,,San Diego Chargers,1/20/2008,AFC Championship,SD,@,NE,L12-21,0,0,0,0,4,0,0,0,12
1,,San Diego Chargers,1/13/2008,AFC Divisional,SD,@,IND,W28-24,4,3,1,0,0,4,0,0,28
2,,San Diego Chargers,1/6/2008,AFC Wild Card,SD,vs,TEN,W17-6,2,1,1,0,1,2,0,0,17
0,,Pittsburgh Steelers,1/5/2008,AFC Wild Card,PIT,vs,JAX,L29-31,4,2,2,0,1,2,0,0,29
0,,New York Giants,1/7/2007,NFC Wild Card,NYG,@,PHI,L20-23,2,2,0,0,2,2,0,0,20
0,,Chicago Bears,2/4/2007,Super Bowl,CHI,vs,IND,L17-29,2,1,0,1,1,2,0,0,17
1,,Chicago Bears,1/21/2007,NFC Championship,CHI,vs,NO,W39-14,4,1,3,0,3,4,0,1,39
2,,Chicago Bears,1/14/2007,NFC Divisional,CHI,vs,SEA,W27-24,3,1,2,0,2,3,0,0,27
0,,New England Patriots,1/21/2007,AFC Championship,NE,@,IND,L34-38,4,1,1,2,2,4,0,0,34
1,,New England Patriots,1/14/2007,AFC Divisional,NE,@,SD,W24-21,2,2,0,0,3,1,1,0,24
2,,New England Patriots,1/7/2007,AFC Wild Card,NE,vs,NYJ,W37-16,4,2,1,1,3,4,0,0,37
0,,Dallas Cowboys,1/6/2007,NFC Wild Card,DAL,@,SEA,L20-21,2,1,0,1,2,2,0,0,20
0,,Indianapolis Colts,2/4/2007,Super Bowl,IND,@,CHI,W29-17,3,1,1,1,3,2,0,0,29
1,,Indianapolis Colts,1/21/2007,AFC Championship,IND,vs,NE,W38-34,4,1,2,1,3,3,1,0,38
2,,Indianapolis Colts,1/13/2007,AFC Divisional,IND,@,BAL,W15-6,0,0,0,0,5,0,0,0,15
3,,Indianapolis Colts,1/6/2007,AFC Wild Card,IND,vs,KC,W23-8,2,1,1,0,3,2,0,0,23
0,,Kansas City Chiefs,1/6/2007,AFC Wild Card,KC,@,IND,L8-23,1,1,0,0,0,0,1,0,8
0,,New Orleans Saints,1/21/2007,NFC Championship,NO,@,CHI,L14-39,2,2,0,0,0,2,0,0,14
1,,New Orleans Saints,1/13/2007,NFC Divisional,NO,vs,PHI,W27-24,3,1,2,0,2,3,0,0,27
0,,New York Jets,1/7/2007,AFC Wild Card,NYJ,@,NE,L16-37,1,1,0,0,3,1,0,0,16
0,,Baltimore Ravens,1/13/2007,AFC Divisional,BAL,vs,IND,L6-15,0,0,0,0,2,0,0,0,6
0,,Seattle Seahawks,1/14/2007,NFC Divisional,SEA,@,CHI,L24-27,3,1,2,0,1,3,0,0,24
1,,Seattle Seahawks,1/6/2007,NFC Wild Card,SEA,vs,DAL,W21-20,2,2,0,0,2,1,0,1,21
0,,San Diego Chargers,1/14/2007,AFC Divisional,SD,vs,NE,L21-24,3,0,3,0,0,3,0,0,21
0,,Philadelphia Eagles,1/13/2007,NFC Divisional,PHI,@,NO,L24-27,3,1,2,0,1,3,0,0,24
1,,Philadelphia Eagles,1/7/2007,NFC Wild Card,PHI,vs,NYG,W23-20,2,1,1,0,3,2,0,0,23
0,,New York Giants,1/8/2006,NFC Wild Card,NYG,vs,CAR,L0-23,0,0,0,0,0,0,0,0,0
0,,Chicago Bears,1/15/2006,NFC Divisional,CHI,vs,CAR,L21-29,3,1,2,0,0,3,0,0,21
0,,Cincinnati Bengals,1/8/2006,AFC Wild Card,CIN,vs,PIT,L17-31,2,1,1,0,1,2,0,0,17
0,,Washington Redskins,1/14/2006,NFC Divisional,WAS,@,SEA,L10-20,1,1,0,0,1,1,0,0,10
1,,Washington Redskins,1/7/2006,NFC Wild Card,WAS,@,TB,W17-10,2,0,1,1,1,2,0,0,17
0,,Carolina Panthers,1/22/2006,NFC Championship,CAR,@,SEA,L14-34,2,1,0,1,0,2,0,0,14
1,,Carolina Panthers,1/15/2006,NFC Divisional,CAR,@,CHI,W29-21,3,3,0,0,3,2,0,0,29
2,,Carolina Panthers,1/8/2006,NFC Wild Card,CAR,@,NYG,W23-0,2,1,1,0,3,2,0,0,23
0,,Jacksonville Jaguars,1/7/2006,AFC Wild Card,JAX,@,NE,L3-28,0,0,0,0,1,0,0,0,3
0,,Denver Broncos,1/22/2006,AFC Championship,DEN,vs,PIT,L17-34,2,1,1,0,1,2,0,0,17
1,,Denver Broncos,1/14/2006,AFC Divisional,DEN,vs,NE,W27-13,3,1,2,0,2,3,0,0,27
0,,Tampa Bay Buccaneers,1/7/2006,NFC Wild Card,TB,vs,WAS,L10-17,1,0,1,0,1,1,0,0,10
0,,New England Patriots,1/14/2006,AFC Divisional,NE,@,DEN,L13-27,1,1,0,0,2,1,0,0,13
1,,New England Patriots,1/7/2006,AFC Wild Card,NE,vs,JAX,W28-3,4,3,0,1,0,4,0,0,28
0,,Indianapolis Colts,1/15/2006,AFC Divisional,IND,vs,PIT,L18-21,2,1,1,0,1,1,1,0,18
0,,Seattle Seahawks,2/5/2006,Super Bowl,SEA,@,PIT,L10-21,1,1,0,0,1,1,0,0,10
1,,Seattle Seahawks,1/22/2006,NFC Championship,SEA,vs,CAR,W34-14,4,2,2,0,2,4,0,0,34
2,,Seattle Seahawks,1/14/2006,NFC Divisional,SEA,vs,WAS,W20-10,2,1,1,0,2,2,0,0,20
0,,Pittsburgh Steelers,2/5/2006,Super Bowl,PIT,vs,SEA,W21-10,3,1,2,0,0,3,0,0,21
1,,Pittsburgh Steelers,1/22/2006,AFC Championship,PIT,@,DEN,W34-17,4,2,2,0,2,4,0,0,34
2,,Pittsburgh Steelers,1/15/2006,AFC Divisional,PIT,@,IND,W21-18,3,2,1,0,0,3,0,0,21
3,,Pittsburgh Steelers,1/8/2006,AFC Wild Card,PIT,@,CIN,W31-17,4,3,1,0,1,4,0,0,31
0,,Green Bay Packers,1/9/2005,NFC Wild Card,GB,vs,MIN,L17-31,2,1,1,0,1,2,0,0,17
0,,Denver Broncos,1/9/2005,AFC Wild Card,DEN,@,IND,L24-49,3,2,1,0,1,3,0,0,24
0,,New England Patriots,2/6/2005,Super Bowl,NE,@,PHI,W24-21,3,2,1,0,1,3,0,0,24
1,,New England Patriots,1/23/2005,AFC Championship,NE,@,PIT,W41-27,5,2,2,1,2,5,0,0,41
2,,New England Patriots,1/16/2005,AFC Divisional,NE,vs,IND,W20-3,2,1,1,0,2,2,0,0,20
0,,Atlanta Falcons,1/23/2005,NFC Championship,ATL,@,PHI,L10-27,1,0,1,0,1,1,0,0,10
1,,Atlanta Falcons,1/15/2005,NFC Divisional,ATL,vs,STL,W47-17,6,2,3,1,1,6,0,1,47
0,,Indianapolis Colts,1/16/2005,AFC Divisional,IND,@,NE,L3-20,0,0,0,0,1,0,0,0,3
1,,Indianapolis Colts,1/9/2005,AFC Wild Card,IND,vs,DEN,W49-24,7,4,3,0,0,7,0,0,49
0,,New York Jets,1/15/2005,AFC Divisional,NYJ,@,PIT,L17-20,2,0,0,2,1,2,0,0,17
1,,New York Jets,1/8/2005,AFC Wild Card,NYJ,@,SD,W20-17,2,2,0,0,2,2,0,0,20
0,,St. Louis Rams,1/15/2005,NFC Divisional,STL,@,ATL,L17-47,2,2,0,0,1,2,0,0,17
1,,St. Louis Rams,1/8/2005,NFC Wild Card,STL,@,SEA,W27-20,3,2,1,0,2,3,0,0,27
0,,Seattle Seahawks,1/8/2005,NFC Wild Card,SEA,vs,STL,L20-27,2,2,0,0,2,2,0,0,20
0,,Minnesota Vikings,1/16/2005,NFC Divisional,MIN,@,PHI,L14-27,2,1,1,0,0,2,0,0,14
1,,Minnesota Vikings,1/9/2005,NFC Wild Card,MIN,@,GB,W31-17,4,4,0,0,1,4,0,0,31
0,,San Diego Chargers,1/8/2005,AFC Wild Card,SD,vs,NYJ,L17-20,2,2,0,0,1,2,0,0,17
0,,Pittsburgh Steelers,1/23/2005,AFC Championship,PIT,vs,NE,L27-41,3,2,1,0,2,3,0,0,27
1,,Pittsburgh Steelers,1/15/2005,AFC Divisional,PIT,vs,NYJ,W20-17,2,1,1,0,2,2,0,0,20
0,,Philadelphia Eagles,2/6/2005,Super Bowl,PHI,vs,NE,L21-24,3,3,0,0,0,3,0,0,21
1,,Philadelphia Eagles,1/23/2005,NFC Championship,PHI,vs,ATL,W27-10,3,2,1,0,2,3,0,0,27
2,,Philadelphia Eagles,1/16/2005,NFC Divisional,PHI,vs,MIN,W27-14,3,2,0,1,2,3,0,0,27
0,,Green Bay Packers,1/11/2004,NFC Divisional,GB,@,PHI,L17-20,2,2,0,0,1,2,0,0,17
1,,Green Bay Packers,1/4/2004,NFC Wild Card,GB,vs,SEA,W33-27,4,1,2,1,2,3,0,0,33
0,,Tennessee Titans,1/10/2004,AFC Divisional,TEN,@,NE,L14-17,2,1,1,0,0,2,0,0,14
1,,Tennessee Titans,1/3/2004,AFC Wild Card,TEN,@,BAL,W20-17,2,1,1,0,2,2,0,0,20
0,,Carolina Panthers,2/1/2004,Super Bowl,CAR,@,NE,L29-32,4,3,1,0,1,2,0,0,29
1,,Carolina Panthers,1/18/2004,NFC Championship,CAR,@,PHI,W14-3,2,1,1,0,0,2,0,0,14
2,,Carolina Panthers,1/10/2004,NFC Divisional,CAR,@,STL,W29-23,3,1,1,1,3,2,0,0,29
3,,Carolina Panthers,1/3/2004,NFC Wild Card,CAR,vs,DAL,W29-10,2,1,1,0,5,2,0,0,29
0,,Denver Broncos,1/4/2004,AFC Wild Card,DEN,@,IND,L10-41,1,1,0,0,1,1,0,0,10
0,,New England Patriots,2/1/2004,Super Bowl,NE,vs,CAR,W32-29,4,3,1,0,1,3,1,0,32
1,,New England Patriots,1/18/2004,AFC Championship,NE,vs,IND,W24-14,1,1,0,0,5,1,0,1,24
2,,New England Patriots,1/10/2004,AFC Divisional,NE,vs,TEN,W17-14,2,1,1,0,1,2,0,0,17
0,,Dallas Cowboys,1/3/2004,NFC Wild Card,DAL,@,CAR,L10-29,1,0,1,0,1,1,0,0,10
0,,Indianapolis Colts,1/18/2004,AFC Championship,IND,@,NE,L14-24,2,1,1,0,0,2,0,0,14
1,,Indianapolis Colts,1/11/2004,AFC Divisional,IND,@,KC,W38-31,5,3,2,0,1,5,0,0,38
2,,Indianapolis Colts,1/4/2004,AFC Wild Card,IND,vs,DEN,W41-10,5,5,0,0,2,5,0,0,41
0,,Kansas City Chiefs,1/11/2004,AFC Divisional,KC,vs,IND,L31-38,4,1,2,1,1,4,0,0,31
0,,Baltimore Ravens,1/3/2004,AFC Wild Card,BAL,vs,TEN,L17-20,2,1,0,1,1,2,0,0,17
0,,St. Louis Rams,1/10/2004,NFC Divisional,STL,vs,CAR,L23-29,1,0,1,0,5,0,1,0,23
0,,Seattle Seahawks,1/4/2004,NFC Wild Card,SEA,@,GB,L27-33,3,0,3,0,2,3,0,0,27
0,,Philadelphia Eagles,1/18/2004,NFC Championship,PHI,vs,CAR,L3-14,0,0,0,0,1,0,0,0,3
1,,Philadelphia Eagles,1/11/2004,NFC Divisional,PHI,vs,GB,W20-17,2,2,0,0,2,2,0,0,20
0,,New York Giants,1/5/2003,NFC Wild Card,NYG,@,SF,L38-39,5,4,1,0,1,5,0,0,38
0,,Cleveland Browns,1/5/2003,AFC Wild Card,CLE,@,PIT,L33-36,4,3,1,0,2,3,0,0,33
0,,Green Bay Packers,1/4/2003,NFC Wild Card,GB,vs,ATL,L7-27,1,1,0,0,0,1,0,0,7
0,,Tennessee Titans,1/19/2003,AFC Championship,TEN,@,OAK,L24-41,3,1,2,0,1,3,0,0,24
1,,Tennessee Titans,1/11/2003,AFC Divisional,TEN,vs,PIT,W34-31,4,2,2,0,2,4,0,0,34
0,,Oakland Raiders,1/26/2003,Super Bowl,OAK,@,TB,L21-48,3,2,0,1,1,0,0,0,21
1,,Oakland Raiders,1/19/2003,AFC Championship,OAK,vs,TEN,W41-24,5,3,2,0,2,5,0,0,41
2,,Oakland Raiders,1/12/2003,AFC Divisional,OAK,vs,NYJ,W30-10,3,2,1,0,3,3,0,0,30
0,,Tampa Bay Buccaneers,1/26/2003,Super Bowl,TB,vs,OAK,W48-21,6,2,1,3,2,6,0,0,48
1,,Tampa Bay Buccaneers,1/19/2003,NFC Championship,TB,@,PHI,W27-10,3,1,1,1,2,3,0,0,27
2,,Tampa Bay Buccaneers,1/12/2003,NFC Divisional,TB,vs,SF,W31-6,4,2,2,0,1,4,0,0,31
0,,Atlanta Falcons,1/11/2003,NFC Divisional,ATL,@,PHI,L6-20,0,0,0,0,2,0,0,0,6
1,,Atlanta Falcons,1/4/2003,NFC Wild Card,ATL,@,GB,W27-7,3,1,1,1,2,3,0,0,27
0,,Indianapolis Colts,1/4/2003,AFC Wild Card,IND,@,NYJ,L0-41,0,0,0,0,0,0,0,0,0
0,,New York Jets,1/12/2003,AFC Divisional,NYJ,@,OAK,L10-30,1,1,0,0,1,1,0,0,10
1,,New York Jets,1/4/2003,AFC Wild Card,NYJ,vs,IND,W41-0,5,3,2,0,2,5,0,0,41
0,,San Francisco 49ers,1/12/2003,NFC Divisional,SF,@,TB,L6-31,0,0,0,0,2,0,0,0,6
1,,San Francisco 49ers,1/5/2003,NFC Wild Card,SF,vs,NYG,W39-38,5,3,2,0,1,2,2,0,39
0,,Pittsburgh Steelers,1/11/2003,AFC Divisional,PIT,@,TEN,L31-34,3,2,1,0,3,2,1,0,31
1,,Pittsburgh Steelers,1/5/2003,AFC Wild Card,PIT,vs,CLE,W36-33,5,3,1,1,0,4,1,0,36
0,,Philadelphia Eagles,1/19/2003,NFC Championship,PHI,vs,TB,L10-27,1,0,1,0,1,1,0,0,10
1,,Philadelphia Eagles,1/11/2003,NFC Divisional,PHI,vs,ATL,W20-6,2,1,0,1,2,2,0,0,20
0,,Chicago Bears,1/19/2002,NFC Divisional,CHI,vs,PHI,L19-33,2,0,1,1,1,2,0,1,19
0,,Green Bay Packers,1/20/2002,NFC Divisional,GB,@,STL,L17-45,2,2,0,0,1,2,0,0,17
1,,Green Bay Packers,1/13/2002,NFC Wild Card,GB,vs,SF,W25-15,3,2,1,0,2,1,0,0,25
0,,Miami Dolphins,1/13/2002,AFC Wild Card,MIA,vs,BAL,L3-20,0,0,0,0,1,0,0,0,3
0,,Oakland Raiders,1/19/2002,AFC Divisional,OAK,@,NE,L13-16,1,1,0,0,2,1,0,0,13
1,,Oakland Raiders,1/12/2002,AFC Wild Card,OAK,vs,NYJ,W38-24,4,2,2,0,3,3,1,0,38
0,,Tampa Bay Buccaneers,1/12/2002,NFC Wild Card,TB,@,PHI,L9-31,0,0,0,0,3,0,0,0,9
0,,St. Louis Rams,2/3/2002,Super Bowl,STL,@,NE,L17-20,2,1,1,0,1,2,0,0,17
1,,New England Patriots,2/3/2002,Super Bowl,NE,vs,STL,W20-17,2,1,0,1,2,2,0,0,20
2,,Pittsburgh Steelers,1/27/2002,AFC Championship,PIT,vs,NE,L17-24,2,0,2,0,1,2,0,0,17
3,,New England Patriots,1/27/2002,AFC Championship,NE,@,PIT,W24-17,3,1,0,2,1,3,0,0,24
4,,Philadelphia Eagles,1/27/2002,NFC Championship,PHI,@,STL,L24-29,3,1,2,0,1,3,0,0,24
5,,St. Louis Rams,1/27/2002,NFC Championship,STL,vs,PHI,W29-24,3,1,2,0,3,2,0,0,29
6,,Pittsburgh Steelers,1/20/2002,AFC Divisional,PIT,vs,BAL,W27-10,3,1,2,0,2,3,0,0,27
7,,Baltimore Ravens,1/20/2002,AFC Divisional,BAL,@,PIT,L10-27,1,0,0,1,1,1,0,0,10
8,,Green Bay Packers,1/20/2002,NFC Divisional,GB,@,STL,L17-45,2,2,0,0,1,2,0,0,17
9,,St. Louis Rams,1/20/2002,NFC Divisional,STL,vs,GB,W45-17,6,2,1,3,1,6,0,0,45
10,,Chicago Bears,1/19/2002,NFC Divisional,CHI,vs,PHI,L19-33,2,0,1,1,1,2,0,1,19
11,,Philadelphia Eagles,1/19/2002,NFC Divisional,PHI,@,CHI,W33-19,3,2,1,0,4,3,0,0,33
12,,New England Patriots,1/19/2002,AFC Divisional,NE,vs,OAK,W16-13,1,0,1,0,3,1,0,0,16
13,,Oakland Raiders,1/19/2002,AFC Divisional,OAK,@,NE,L13-16,1,1,0,0,2,1,0,0,13
14,,Green Bay Packers,1/13/2002,NFC Wild Card,GB,vs,SF,W25-15,3,2,1,0,2,1,0,0,25
15,,San Francisco 49ers,1/13/2002,NFC Wild Card,SF,@,GB,L15-25,2,1,1,0,0,1,1,0,15
16,,Miami Dolphins,1/13/2002,AFC Wild Card,MIA,vs,BAL,L3-20,0,0,0,0,1,0,0,0,3
17,,Baltimore Ravens,1/13/2002,AFC Wild Card,BAL,@,MIA,W20-3,2,1,1,0,2,2,0,0,20
18,,Philadelphia Eagles,1/12/2002,NFC Wild Card,PHI,vs,TB,W31-9,4,2,1,1,1,4,0,0,31
19,,Tampa Bay Buccaneers,1/12/2002,NFC Wild Card,TB,@,PHI,L9-31,0,0,0,0,3,0,0,0,9
20,,New York Jets,1/12/2002,AFC Wild Card,NYJ,@,OAK,L24-38,3,3,0,0,1,3,0,0,24
21,,Oakland Raiders,1/12/2002,AFC Wild Card,OAK,vs,NYJ,W38-24,4,2,2,0,3,3,1,0,38
0,,New England Patriots,2/3/2002,Super Bowl,NE,vs,STL,W20-17,2,1,0,1,2,2,0,0,20
1,,New England Patriots,1/27/2002,AFC Championship,NE,@,PIT,W24-17,3,1,0,2,1,3,0,0,24
2,,New England Patriots,1/19/2002,AFC Divisional,NE,vs,OAK,W16-13,1,0,1,0,3,1,0,0,16
0,,New York Jets,1/12/2002,AFC Wild Card,NYJ,@,OAK,L24-38,3,3,0,0,1,3,0,0,24
0,,Baltimore Ravens,1/20/2002,AFC Divisional,BAL,@,PIT,L10-27,1,0,0,1,1,1,0,0,10
1,,Baltimore Ravens,1/13/2002,AFC Wild Card,BAL,@,MIA,W20-3,2,1,1,0,2,2,0,0,20
0,,St. Louis Rams,2/3/2002,Super Bowl,STL,@,NE,L17-20,2,1,1,0,1,2,0,0,17
1,,St. Louis Rams,1/27/2002,NFC Championship,STL,vs,PHI,W29-24,3,1,2,0,3,2,0,0,29
2,,St. Louis Rams,1/20/2002,NFC Divisional,STL,vs,GB,W45-17,6,2,1,3,1,6,0,0,45
0,,San Francisco 49ers,1/13/2002,NFC Wild Card,SF,@,GB,L15-25,2,1,1,0,0,1,1,0,15
0,,Pittsburgh Steelers,1/27/2002,AFC Championship,PIT,vs,NE,L17-24,2,0,2,0,1,2,0,0,17
1,,Pittsburgh Steelers,1/20/2002,AFC Divisional,PIT,vs,BAL,W27-10,3,1,2,0,2,3,0,0,27
0,,Philadelphia Eagles,1/27/2002,NFC Championship,PHI,@,STL,L24-29,3,1,2,0,1,3,0,0,24
1,,Philadelphia Eagles,1/19/2002,NFC Divisional,PHI,@,CHI,W33-19,3,2,1,0,4,3,0,0,33
2,,Philadelphia Eagles,1/12/2002,NFC Wild Card,PHI,vs,TB,W31-9,4,2,1,1,1,4,0,0,31
0,,New York Giants,1/28/2001,Super Bowl,NYG,vs,BAL,L7-34,1,0,0,1,0,1,0,0,7
1,,New York Giants,1/14/2001,NFC Championship,NYG,vs,MIN,W41-0,5,5,0,0,2,5,0,0,41
2,,New York Giants,1/7/2001,NFC Divisional,NYG,vs,PHI,W20-10,2,0,0,2,2,2,0,0,20
0,,Tennessee Titans,1/7/2001,AFC Divisional,TEN,vs,BAL,L10-24,1,0,1,0,1,1,0,0,10
0,,Miami Dolphins,1/6/2001,AFC Divisional,MIA,@,OAK,L0-27,0,0,0,0,0,0,0,0,0
1,,Miami Dolphins,12/30/2000,AFC Wild Card,MIA,vs,IND,W23-17,3,1,2,0,1,2,0,0,23
0,,Denver Broncos,12/31/2000,AFC Wild Card,DEN,@,BAL,L3-21,0,0,0,0,1,0,0,0,3
0,,Oakland Raiders,1/14/2001,AFC Championship,OAK,vs,BAL,L3-16,0,0,0,0,1,0,0,0,3
1,,Oakland Raiders,1/6/2001,AFC Divisional,OAK,vs,MIA,W27-0,3,1,1,1,2,3,0,0,27
0,,Tampa Bay Buccaneers,12/31/2000,NFC Wild Card,TB,@,PHI,L3-21,0,0,0,0,1,0,0,0,3
0,,New York Giants,1/28/2001,Super Bowl,NYG,vs,BAL,L7-34,1,0,0,1,0,1,0,0,7
1,,Baltimore Ravens,1/28/2001,Super Bowl,BAL,@,NYG,W34-7,4,1,1,2,2,4,0,0,34
2,,New York Giants,1/14/2001,NFC Championship,NYG,vs,MIN,W41-0,5,5,0,0,2,5,0,0,41
3,,Minnesota Vikings,1/14/2001,NFC Championship,MIN,@,NYG,L0-41,0,0,0,0,0,0,0,0,0
4,,Oakland Raiders,1/14/2001,AFC Championship,OAK,vs,BAL,L3-16,0,0,0,0,1,0,0,0,3
5,,Baltimore Ravens,1/14/2001,AFC Championship,BAL,@,OAK,W16-3,1,1,0,0,3,1,0,0,16
6,,New York Giants,1/7/2001,NFC Divisional,NYG,vs,PHI,W20-10,2,0,0,2,2,2,0,0,20
7,,Philadelphia Eagles,1/7/2001,NFC Divisional,PHI,@,NYG,L10-20,1,1,0,0,1,1,0,0,10
8,,Tennessee Titans,1/7/2001,AFC Divisional,TEN,vs,BAL,L10-24,1,0,1,0,1,1,0,0,10
9,,Baltimore Ravens,1/7/2001,AFC Divisional,BAL,@,TEN,W24-10,3,0,1,2,1,3,0,0,24
10,,Minnesota Vikings,1/6/2001,NFC Divisional,MIN,vs,NO,W34-16,4,3,1,0,2,4,0,0,34
11,,New Orleans Saints,1/6/2001,NFC Divisional,NO,@,MIN,L16-34,2,2,0,0,1,1,0,0,16
12,,Oakland Raiders,1/6/2001,AFC Divisional,OAK,vs,MIA,W27-0,3,1,1,1,2,3,0,0,27
13,,Miami Dolphins,1/6/2001,AFC Divisional,MIA,@,OAK,L0-27,0,0,0,0,0,0,0,0,0
14,,Philadelphia Eagles,12/31/2000,NFC Wild Card,PHI,vs,TB,W21-3,3,2,1,0,0,3,0,0,21
15,,Tampa Bay Buccaneers,12/31/2000,NFC Wild Card,TB,@,PHI,L3-21,0,0,0,0,1,0,0,0,3
16,,Denver Broncos,12/31/2000,AFC Wild Card,DEN,@,BAL,L3-21,0,0,0,0,1,0,0,0,3
17,,Baltimore Ravens,12/31/2000,AFC Wild Card,BAL,vs,DEN,W21-3,3,1,2,0,0,3,0,0,21
18,,Indianapolis Colts,12/30/2000,AFC Wild Card,IND,@,MIA,L17-23,1,1,0,0,3,0,1,0,17
19,,Miami Dolphins,12/30/2000,AFC Wild Card,MIA,vs,IND,W23-17,3,1,2,0,1,2,0,0,23
20,,St. Louis Rams,12/30/2000,NFC Wild Card,STL,@,NO,L28-31,4,3,1,0,0,2,1,0,28
21,,New Orleans Saints,12/30/2000,NFC Wild Card,NO,vs,STL,W31-28,4,4,0,0,1,4,0,0,31
0,,Indianapolis Colts,12/30/2000,AFC Wild Card,IND,@,MIA,L17-23,1,1,0,0,3,0,1,0,17
0,,New Orleans Saints,1/6/2001,NFC Divisional,NO,@,MIN,L16-34,2,2,0,0,1,1,0,0,16
1,,New Orleans Saints,12/30/2000,NFC Wild Card,NO,vs,STL,W31-28,4,4,0,0,1,4,0,0,31
0,,Baltimore Ravens,1/28/2001,Super Bowl,BAL,@,NYG,W34-7,4,1,1,2,2,4,0,0,34
1,,Baltimore Ravens,1/14/2001,AFC Championship,BAL,@,OAK,W16-3,1,1,0,0,3,1,0,0,16
2,,Baltimore Ravens,1/7/2001,AFC Divisional,BAL,@,TEN,W24-10,3,0,1,2,1,3,0,0,24
3,,Baltimore Ravens,12/31/2000,AFC Wild Card,BAL,vs,DEN,W21-3,3,1,2,0,0,3,0,0,21
0,,St. Louis Rams,12/30/2000,NFC Wild Card,STL,@,NO,L28-31,4,3,1,0,0,2,1,0,28
0,,Minnesota Vikings,1/14/2001,NFC Championship,MIN,@,NYG,L0-41,0,0,0,0,0,0,0,0,0
1,,Minnesota Vikings,1/6/2001,NFC Divisional,MIN,vs,NO,W34-16,4,3,1,0,2,4,0,0,34
0,,Philadelphia Eagles,1/7/2001,NFC Divisional,PHI,@,NYG,L10-20,1,1,0,0,1,1,0,0,10
1,,Philadelphia Eagles,12/31/2000,NFC Wild Card,PHI,vs,TB,W21-3,3,2,1,0,0,3,0,0,21
0,,Buffalo Bills,1/8/2000,AFC Wild Card,BUF,@,TEN,L16-22,2,0,2,0,1,1,0,0,16
0,,Tennessee Titans,1/30/2000,Super Bowl,TEN,vs,STL,L16-23,2,0,2,0,1,1,0,0,16
1,,Tennessee Titans,1/23/2000,AFC Championship,TEN,@,JAX,W33-14,4,1,2,1,1,4,0,1,33
2,,Tennessee Titans,1/16/2000,AFC Divisional,TEN,@,IND,W19-16,1,0,1,0,4,1,0,0,19
3,,Tennessee Titans,1/8/2000,AFC Wild Card,TEN,vs,BUF,W22-16,2,0,1,1,2,2,0,1,22
0,,Miami Dolphins,1/15/2000,AFC Divisional,MIA,@,JAX,L7-62,1,1,0,0,0,1,0,0,7
1,,Miami Dolphins,1/9/2000,AFC Wild Card,MIA,@,SEA,W20-17,2,1,1,0,2,2,0,0,20
0,,Washington Redskins,1/15/2000,NFC Divisional,WAS,@,TB,L13-14,1,0,0,1,2,1,0,0,13
1,,Washington Redskins,1/8/2000,NFC Wild Card,WAS,vs,DET,W27-13,3,1,2,0,2,3,0,0,27
0,,Jacksonville Jaguars,1/23/2000,AFC Championship,JAX,vs,TEN,L14-33,2,1,1,0,0,2,0,0,14
1,,Jacksonville Jaguars,1/15/2000,AFC Divisional,JAX,vs,MIA,W62-7,8,4,3,1,2,8,0,0,62
0,,Tampa Bay Buccaneers,1/23/2000,NFC Championship,TB,@,STL,L6-11,0,0,0,0,2,0,0,0,6
1,,Tampa Bay Buccaneers,1/15/2000,NFC Divisional,TB,vs,WAS,W14-13,2,1,1,0,0,2,0,0,14
0,,St. Louis Rams,1/30/2000,Super Bowl,STL,@,TEN,W23-16,2,2,0,0,3,2,0,0,23
1,,Tennessee Titans,1/30/2000,Super Bowl,TEN,vs,STL,L16-23,2,0,2,0,1,1,0,0,16
2,,Tennessee Titans,1/23/2000,AFC Championship,TEN,@,JAX,W33-14,4,1,2,1,1,4,0,1,33
3,,Jacksonville Jaguars,1/23/2000,AFC Championship,JAX,vs,TEN,L14-33,2,1,1,0,0,2,0,0,14
4,,St. Louis Rams,1/23/2000,NFC Championship,STL,vs,TB,W11-6,1,1,0,0,1,0,0,1,11
5,,Tampa Bay Buccaneers,1/23/2000,NFC Championship,TB,@,STL,L6-11,0,0,0,0,2,0,0,0,6
6,,Indianapolis Colts,1/16/2000,AFC Divisional,IND,vs,TEN,L16-19,1,0,1,0,3,1,0,0,16
7,,Tennessee Titans,1/16/2000,AFC Divisional,TEN,@,IND,W19-16,1,0,1,0,4,1,0,0,19
8,,St. Louis Rams,1/16/2000,NFC Divisional,STL,vs,MIN,W49-37,7,5,1,1,0,7,0,0,49
9,,Minnesota Vikings,1/16/2000,NFC Divisional,MIN,@,STL,L37-49,5,4,1,0,1,2,1,0,37
10,,Miami Dolphins,1/15/2000,AFC Divisional,MIA,@,JAX,L7-62,1,1,0,0,0,1,0,0,7
11,,Jacksonville Jaguars,1/15/2000,AFC Divisional,JAX,vs,MIA,W62-7,8,4,3,1,2,8,0,0,62
12,,Washington Redskins,1/15/2000,NFC Divisional,WAS,@,TB,L13-14,1,0,0,1,2,1,0,0,13
13,,Tampa Bay Buccaneers,1/15/2000,NFC Divisional,TB,vs,WAS,W14-13,2,1,1,0,0,2,0,0,14
14,,Dallas Cowboys,1/9/2000,NFC Wild Card,DAL,@,MIN,L10-27,1,0,1,0,1,1,0,0,10
15,,Minnesota Vikings,1/9/2000,NFC Wild Card,MIN,vs,DAL,W27-10,3,3,0,0,2,3,0,0,27
16,,Miami Dolphins,1/9/2000,AFC Wild Card,MIA,@,SEA,W20-17,2,1,1,0,2,2,0,0,20
17,,Seattle Seahawks,1/9/2000,AFC Wild Card,SEA,vs,MIA,L17-20,2,1,0,1,1,2,0,0,17
18,,Buffalo Bills,1/8/2000,AFC Wild Card,BUF,@,TEN,L16-22,2,0,2,0,1,1,0,0,16
19,,Tennessee Titans,1/8/2000,AFC Wild Card,TEN,vs,BUF,W22-16,2,0,1,1,2,2,0,1,22
20,,Detroit Lions,1/8/2000,NFC Wild Card,DET,@,WAS,L13-27,2,1,0,1,0,1,0,0,13
21,,Washington Redskins,1/8/2000,NFC Wild Card,WAS,vs,DET,W27-13,3,1,2,0,2,3,0,0,27
0,,Dallas Cowboys,1/9/2000,NFC Wild Card,DAL,@,MIN,L10-27,1,0,1,0,1,1,0,0,10
0,,Indianapolis Colts,1/16/2000,AFC Divisional,IND,vs,TEN,L16-19,1,0,1,0,3,1,0,0,16
0,,St. Louis Rams,1/30/2000,Super Bowl,STL,@,TEN,W23-16,2,2,0,0,3,2,0,0,23
1,,St. Louis Rams,1/23/2000,NFC Championship,STL,vs,TB,W11-6,1,1,0,0,1,0,0,1,11
2,,St. Louis Rams,1/16/2000,NFC Divisional,STL,vs,MIN,W49-37,7,5,1,1,0,7,0,0,49
0,,Seattle Seahawks,1/9/2000,AFC Wild Card,SEA,vs,MIA,L17-20,2,1,0,1,1,2,0,0,17
0,,Minnesota Vikings,1/16/2000,NFC Divisional,MIN,@,STL,L37-49,5,4,1,0,1,2,1,0,37
1,,Minnesota Vikings,1/9/2000,NFC Wild Card,MIN,vs,DAL,W27-10,3,3,0,0,2,3,0,0,27
0,,Detroit Lions,1/8/2000,NFC Wild Card,DET,@,WAS,L13-27,2,1,0,1,0,1,0,0,13
0,,Buffalo Bills,1/2/1999,AFC Wild Card,BUF,@,MIA,L17-24,2,1,1,0,1,2,0,0,17
0,,Denver Broncos,1/31/1999,Super Bowl,DEN,@,ATL,W34-19,4,1,3,0,2,4,0,0,34
1,,Atlanta Falcons,1/31/1999,Super Bowl,ATL,vs,DEN,L19-34,2,1,0,1,2,1,0,0,19
2,,Denver Broncos,1/17/1999,AFC Championship,DEN,vs,NYJ,W23-10,2,1,1,0,3,2,0,0,23
3,,New York Jets,1/17/1999,AFC Championship,NYJ,@,DEN,L10-23,1,0,1,0,1,1,0,0,10
4,,Minnesota Vikings,1/17/1999,NFC Championship,MIN,vs,ATL,L27-30,3,2,1,0,2,3,0,0,27
5,,Atlanta Falcons,1/17/1999,NFC Championship,ATL,@,MIN,W30-27,3,3,0,0,3,3,0,0,30
6,,Arizona Cardinals,1/10/1999,NFC Divisional,ARI,@,MIN,L21-41,3,0,3,0,0,3,0,0,21
7,,Minnesota Vikings,1/10/1999,NFC Divisional,MIN,vs,ARI,W41-21,5,3,2,0,2,5,0,0,41
8,,New York Jets,1/10/1999,AFC Divisional,NYJ,vs,JAX,W34-24,4,1,3,0,2,4,0,0,34
9,,Jacksonville Jaguars,1/10/1999,AFC Divisional,JAX,@,NYJ,L24-34,3,3,0,0,1,3,0,0,24
10,,San Francisco 49ers,1/9/1999,NFC Divisional,SF,@,ATL,L18-20,2,1,1,0,1,1,1,0,18
11,,Atlanta Falcons,1/9/1999,NFC Divisional,ATL,vs,SF,W20-18,2,0,2,0,2,2,0,0,20
12,,Denver Broncos,1/9/1999,AFC Divisional,DEN,vs,MIA,W38-3,5,1,3,1,1,5,0,0,38
13,,Miami Dolphins,1/9/1999,AFC Divisional,MIA,@,DEN,L3-38,0,0,0,0,1,0,0,0,3
14,,New England Patriots,1/3/1999,AFC Wild Card,NE,@,JAX,L10-25,1,0,1,0,1,1,0,0,10
15,,Jacksonville Jaguars,1/3/1999,AFC Wild Card,JAX,vs,NE,W25-10,2,1,1,0,4,1,0,0,25
16,,Green Bay Packers,1/3/1999,NFC Wild Card,GB,@,SF,L27-30,3,2,1,0,2,3,0,0,27
17,,San Francisco 49ers,1/3/1999,NFC Wild Card,SF,vs,GB,W30-27,3,3,0,0,3,3,0,0,30
18,,Arizona Cardinals,1/2/1999,NFC Wild Card,ARI,@,DAL,W20-7,2,2,0,0,2,2,0,0,20
19,,Dallas Cowboys,1/2/1999,NFC Wild Card,DAL,vs,ARI,L7-20,1,1,0,0,0,1,0,0,7
20,,Buffalo Bills,1/2/1999,AFC Wild Card,BUF,@,MIA,L17-24,2,1,1,0,1,2,0,0,17
21,,Miami Dolphins,1/2/1999,AFC Wild Card,MIA,vs,BUF,W24-17,2,1,1,0,3,1,1,0,24
0,,Green Bay Packers,1/3/1999,NFC Wild Card,GB,@,SF,L27-30,3,2,1,0,2,3,0,0,27
0,,Denver Broncos,1/31/1999,Super Bowl,DEN,@,ATL,W34-19,4,1,3,0,2,4,0,0,34
1,,Atlanta Falcons,1/31/1999,Super Bowl,ATL,vs,DEN,L19-34,2,1,0,1,2,1,0,0,19
2,,Denver Broncos,1/17/1999,AFC Championship,DEN,vs,NYJ,W23-10,2,1,1,0,3,2,0,0,23
3,,New York Jets,1/17/1999,AFC Championship,NYJ,@,DEN,L10-23,1,0,1,0,1,1,0,0,10
4,,Minnesota Vikings,1/17/1999,NFC Championship,MIN,vs,ATL,L27-30,3,2,1,0,2,3,0,0,27
5,,Atlanta Falcons,1/17/1999,NFC Championship,ATL,@,MIN,W30-27,3,3,0,0,3,3,0,0,30
6,,Arizona Cardinals,1/10/1999,NFC Divisional,ARI,@,MIN,L21-41,3,0,3,0,0,3,0,0,21
7,,Minnesota Vikings,1/10/1999,NFC Divisional,MIN,vs,ARI,W41-21,5,3,2,0,2,5,0,0,41
8,,New York Jets,1/10/1999,AFC Divisional,NYJ,vs,JAX,W34-24,4,1,3,0,2,4,0,0,34
9,,Jacksonville Jaguars,1/10/1999,AFC Divisional,JAX,@,NYJ,L24-34,3,3,0,0,1,3,0,0,24
10,,San Francisco 49ers,1/9/1999,NFC Divisional,SF,@,ATL,L18-20,2,1,1,0,1,1,1,0,18
11,,Atlanta Falcons,1/9/1999,NFC Divisional,ATL,vs,SF,W20-18,2,0,2,0,2,2,0,0,20
12,,Denver Broncos,1/9/1999,AFC Divisional,DEN,vs,MIA,W38-3,5,1,3,1,1,5,0,0,38
13,,Miami Dolphins,1/9/1999,AFC Divisional,MIA,@,DEN,L3-38,0,0,0,0,1,0,0,0,3
14,,New England Patriots,1/3/1999,AFC Wild Card,NE,@,JAX,L10-25,1,0,1,0,1,1,0,0,10
15,,Jacksonville Jaguars,1/3/1999,AFC Wild Card,JAX,vs,NE,W25-10,2,1,1,0,4,1,0,0,25
16,,Green Bay Packers,1/3/1999,NFC Wild Card,GB,@,SF,L27-30,3,2,1,0,2,3,0,0,27
17,,San Francisco 49ers,1/3/1999,NFC Wild Card,SF,vs,GB,W30-27,3,3,0,0,3,3,0,0,30
18,,Arizona Cardinals,1/2/1999,NFC Wild Card,ARI,@,DAL,W20-7,2,2,0,0,2,2,0,0,20
19,,Dallas Cowboys,1/2/1999,NFC Wild Card,DAL,vs,ARI,L7-20,1,1,0,0,0,1,0,0,7
20,,Buffalo Bills,1/2/1999,AFC Wild Card,BUF,@,MIA,L17-24,2,1,1,0,1,2,0,0,17
21,,Miami Dolphins,1/2/1999,AFC Wild Card,MIA,vs,BUF,W24-17,2,1,1,0,3,1,1,0,24
0,,Miami Dolphins,1/9/1999,AFC Divisional,MIA,@,DEN,L3-38,0,0,0,0,1,0,0,0,3
1,,Miami Dolphins,1/2/1999,AFC Wild Card,MIA,vs,BUF,W24-17,2,1,1,0,3,1,1,0,24
0,,Jacksonville Jaguars,1/10/1999,AFC Divisional,JAX,@,NYJ,L24-34,3,3,0,0,1,3,0,0,24
1,,Jacksonville Jaguars,1/3/1999,AFC Wild Card,JAX,vs,NE,W25-10,2,1,1,0,4,1,0,0,25
0,,Denver Broncos,1/31/1999,Super Bowl,DEN,@,ATL,W34-19,4,1,3,0,2,4,0,0,34
1,,Denver Broncos,1/17/1999,AFC Championship,DEN,vs,NYJ,W23-10,2,1,1,0,3,2,0,0,23
2,,Denver Broncos,1/9/1999,AFC Divisional,DEN,vs,MIA,W38-3,5,1,3,1,1,5,0,0,38
0,,Denver Broncos,1/31/1999,Super Bowl,DEN,@,ATL,W34-19,4,1,3,0,2,4,0,0,34
1,,Atlanta Falcons,1/31/1999,Super Bowl,ATL,vs,DEN,L19-34,2,1,0,1,2,1,0,0,19
2,,Denver Broncos,1/17/1999,AFC Championship,DEN,vs,NYJ,W23-10,2,1,1,0,3,2,0,0,23
3,,New York Jets,1/17/1999,AFC Championship,NYJ,@,DEN,L10-23,1,0,1,0,1,1,0,0,10
4,,Minnesota Vikings,1/17/1999,NFC Championship,MIN,vs,ATL,L27-30,3,2,1,0,2,3,0,0,27
5,,Atlanta Falcons,1/17/1999,NFC Championship,ATL,@,MIN,W30-27,3,3,0,0,3,3,0,0,30
6,,Arizona Cardinals,1/10/1999,NFC Divisional,ARI,@,MIN,L21-41,3,0,3,0,0,3,0,0,21
7,,Minnesota Vikings,1/10/1999,NFC Divisional,MIN,vs,ARI,W41-21,5,3,2,0,2,5,0,0,41
8,,New York Jets,1/10/1999,AFC Divisional,NYJ,vs,JAX,W34-24,4,1,3,0,2,4,0,0,34
9,,Jacksonville Jaguars,1/10/1999,AFC Divisional,JAX,@,NYJ,L24-34,3,3,0,0,1,3,0,0,24
10,,San Francisco 49ers,1/9/1999,NFC Divisional,SF,@,ATL,L18-20,2,1,1,0,1,1,1,0,18
11,,Atlanta Falcons,1/9/1999,NFC Divisional,ATL,vs,SF,W20-18,2,0,2,0,2,2,0,0,20
12,,Denver Broncos,1/9/1999,AFC Divisional,DEN,vs,MIA,W38-3,5,1,3,1,1,5,0,0,38
13,,Miami Dolphins,1/9/1999,AFC Divisional,MIA,@,DEN,L3-38,0,0,0,0,1,0,0,0,3
14,,New England Patriots,1/3/1999,AFC Wild Card,NE,@,JAX,L10-25,1,0,1,0,1,1,0,0,10
15,,Jacksonville Jaguars,1/3/1999,AFC Wild Card,JAX,vs,NE,W25-10,2,1,1,0,4,1,0,0,25
16,,Green Bay Packers,1/3/1999,NFC Wild Card,GB,@,SF,L27-30,3,2,1,0,2,3,0,0,27
17,,San Francisco 49ers,1/3/1999,NFC Wild Card,SF,vs,GB,W30-27,3,3,0,0,3,3,0,0,30
18,,Arizona Cardinals,1/2/1999,NFC Wild Card,ARI,@,DAL,W20-7,2,2,0,0,2,2,0,0,20
19,,Dallas Cowboys,1/2/1999,NFC Wild Card,DAL,vs,ARI,L7-20,1,1,0,0,0,1,0,0,7
20,,Buffalo Bills,1/2/1999,AFC Wild Card,BUF,@,MIA,L17-24,2,1,1,0,1,2,0,0,17
21,,Miami Dolphins,1/2/1999,AFC Wild Card,MIA,vs,BUF,W24-17,2,1,1,0,3,1,1,0,24
0,,New England Patriots,1/3/1999,AFC Wild Card,NE,@,JAX,L10-25,1,0,1,0,1,1,0,0,10
0,,Atlanta Falcons,1/31/1999,Super Bowl,ATL,vs,DEN,L19-34,2,1,0,1,2,1,0,0,19
1,,Atlanta Falcons,1/17/1999,NFC Championship,ATL,@,MIN,W30-27,3,3,0,0,3,3,0,0,30
2,,Atlanta Falcons,1/9/1999,NFC Divisional,ATL,vs,SF,W20-18,2,0,2,0,2,2,0,0,20
0,,Dallas Cowboys,1/2/1999,NFC Wild Card,DAL,vs,ARI,L7-20,1,1,0,0,0,1,0,0,7
0,,New York Jets,1/17/1999,AFC Championship,NYJ,@,DEN,L10-23,1,0,1,0,1,1,0,0,10
1,,New York Jets,1/10/1999,AFC Divisional,NYJ,vs,JAX,W34-24,4,1,3,0,2,4,0,0,34
0,,Minnesota Vikings,1/17/1999,NFC Championship,MIN,vs,ATL,L27-30,3,2,1,0,2,3,0,0,27
1,,Minnesota Vikings,1/10/1999,NFC Divisional,MIN,vs,ARI,W41-21,5,3,2,0,2,5,0,0,41
0,,San Francisco 49ers,1/9/1999,NFC Divisional,SF,@,ATL,L18-20,2,1,1,0,1,1,1,0,18
1,,San Francisco 49ers,1/3/1999,NFC Wild Card,SF,vs,GB,W30-27,3,3,0,0,3,3,0,0,30
0,,Arizona Cardinals,1/10/1999,NFC Divisional,ARI,@,MIN,L21-41,3,0,3,0,0,3,0,0,21
1,,Arizona Cardinals,1/2/1999,NFC Wild Card,ARI,@,DAL,W20-7,2,2,0,0,2,2,0,0,20
0,,New York Giants,12/27/1997,NFC Wild Card,NYG,vs,MIN,L22-23,1,1,0,0,5,1,0,0,22
0,,Green Bay Packers,1/25/1998,Super Bowl,GB,@,DEN,L24-31,3,3,0,0,1,3,0,0,24
1,,Denver Broncos,1/25/1998,Super Bowl,DEN,vs,GB,W31-24,4,0,4,0,1,4,0,0,31
2,,Pittsburgh Steelers,1/11/1998,AFC Championship,PIT,vs,DEN,L21-24,3,1,2,0,0,3,0,0,21
3,,Denver Broncos,1/11/1998,AFC Championship,DEN,@,PIT,W24-21,3,2,1,0,1,3,0,0,24
4,,Green Bay Packers,1/11/1998,NFC Championship,GB,@,SF,W23-10,2,1,1,0,3,2,0,0,23
5,,San Francisco 49ers,1/11/1998,NFC Championship,SF,vs,GB,L10-23,1,0,0,1,1,1,0,0,10
6,,Green Bay Packers,1/4/1998,NFC Divisional,GB,vs,TB,W21-7,2,1,1,0,2,1,1,0,21
7,,Tampa Bay Buccaneers,1/4/1998,NFC Divisional,TB,@,GB,L7-21,1,0,1,0,0,1,0,0,7
8,,Denver Broncos,1/4/1998,AFC Divisional,DEN,@,KC,W14-10,2,0,2,0,0,2,0,0,14
9,,Kansas City Chiefs,1/4/1998,AFC Divisional,KC,vs,DEN,L10-14,1,1,0,0,1,1,0,0,10
10,,Pittsburgh Steelers,1/3/1998,AFC Divisional,PIT,vs,NE,W7-6,1,0,1,0,0,1,0,0,7
11,,New England Patriots,1/3/1998,AFC Divisional,NE,@,PIT,L6-7,0,0,0,0,2,0,0,0,6
12,,San Francisco 49ers,1/3/1998,NFC Divisional,SF,vs,MIN,W38-22,5,1,3,1,1,5,0,0,38
13,,Minnesota Vikings,1/3/1998,NFC Divisional,MIN,@,SF,L22-38,3,3,0,0,0,2,1,0,22
14,,New England Patriots,12/28/1997,AFC Wild Card,NE,vs,MIA,W17-3,2,1,0,1,1,2,0,0,17
15,,Miami Dolphins,12/28/1997,AFC Wild Card,MIA,@,NE,L3-17,0,0,0,0,1,0,0,0,3
16,,Detroit Lions,12/28/1997,NFC Wild Card,DET,@,TB,L10-20,1,0,1,0,1,1,0,0,10
17,,Tampa Bay Buccaneers,12/28/1997,NFC Wild Card,TB,vs,DET,W20-10,2,1,1,0,2,2,0,0,20
18,,Denver Broncos,12/27/1997,AFC Wild Card,DEN,vs,JAX,W42-17,6,1,5,0,0,6,0,0,42
19,,Jacksonville Jaguars,12/27/1997,AFC Wild Card,JAX,@,DEN,L17-42,2,0,1,1,1,2,0,0,17
20,,New York Giants,12/27/1997,NFC Wild Card,NYG,vs,MIN,L22-23,1,1,0,0,5,1,0,0,22
21,,Minnesota Vikings,12/27/1997,NFC Wild Card,MIN,@,NYG,W23-22,2,1,1,0,3,2,0,0,23
0,,Green Bay Packers,1/25/1998,Super Bowl,GB,@,DEN,L24-31,3,3,0,0,1,3,0,0,24
1,,Green Bay Packers,1/11/1998,NFC Championship,GB,@,SF,W23-10,2,1,1,0,3,2,0,0,23
2,,Green Bay Packers,1/4/1998,NFC Divisional,GB,vs,TB,W21-7,2,1,1,0,2,1,1,0,21
0,,Green Bay Packers,1/25/1998,Super Bowl,GB,@,DEN,L24-31,3,3,0,0,1,3,0,0,24
1,,Denver Broncos,1/25/1998,Super Bowl,DEN,vs,GB,W31-24,4,0,4,0,1,4,0,0,31
2,,Pittsburgh Steelers,1/11/1998,AFC Championship,PIT,vs,DEN,L21-24,3,1,2,0,0,3,0,0,21
3,,Denver Broncos,1/11/1998,AFC Championship,DEN,@,PIT,W24-21,3,2,1,0,1,3,0,0,24
4,,Green Bay Packers,1/11/1998,NFC Championship,GB,@,SF,W23-10,2,1,1,0,3,2,0,0,23
5,,San Francisco 49ers,1/11/1998,NFC Championship,SF,vs,GB,L10-23,1,0,0,1,1,1,0,0,10
6,,Green Bay Packers,1/4/1998,NFC Divisional,GB,vs,TB,W21-7,2,1,1,0,2,1,1,0,21
7,,Tampa Bay Buccaneers,1/4/1998,NFC Divisional,TB,@,GB,L7-21,1,0,1,0,0,1,0,0,7
8,,Denver Broncos,1/4/1998,AFC Divisional,DEN,@,KC,W14-10,2,0,2,0,0,2,0,0,14
9,,Kansas City Chiefs,1/4/1998,AFC Divisional,KC,vs,DEN,L10-14,1,1,0,0,1,1,0,0,10
10,,Pittsburgh Steelers,1/3/1998,AFC Divisional,PIT,vs,NE,W7-6,1,0,1,0,0,1,0,0,7
11,,New England Patriots,1/3/1998,AFC Divisional,NE,@,PIT,L6-7,0,0,0,0,2,0,0,0,6
12,,San Francisco 49ers,1/3/1998,NFC Divisional,SF,vs,MIN,W38-22,5,1,3,1,1,5,0,0,38
13,,Minnesota Vikings,1/3/1998,NFC Divisional,MIN,@,SF,L22-38,3,3,0,0,0,2,1,0,22
14,,New England Patriots,12/28/1997,AFC Wild Card,NE,vs,MIA,W17-3,2,1,0,1,1,2,0,0,17
15,,Miami Dolphins,12/28/1997,AFC Wild Card,MIA,@,NE,L3-17,0,0,0,0,1,0,0,0,3
16,,Detroit Lions,12/28/1997,NFC Wild Card,DET,@,TB,L10-20,1,0,1,0,1,1,0,0,10
17,,Tampa Bay Buccaneers,12/28/1997,NFC Wild Card,TB,vs,DET,W20-10,2,1,1,0,2,2,0,0,20
18,,Denver Broncos,12/27/1997,AFC Wild Card,DEN,vs,JAX,W42-17,6,1,5,0,0,6,0,0,42
19,,Jacksonville Jaguars,12/27/1997,AFC Wild Card,JAX,@,DEN,L17-42,2,0,1,1,1,2,0,0,17
20,,New York Giants,12/27/1997,NFC Wild Card,NYG,vs,MIN,L22-23,1,1,0,0,5,1,0,0,22
21,,Minnesota Vikings,12/27/1997,NFC Wild Card,MIN,@,NYG,W23-22,2,1,1,0,3,2,0,0,23
0,,Miami Dolphins,12/28/1997,AFC Wild Card,MIA,@,NE,L3-17,0,0,0,0,1,0,0,0,3
0,,Jacksonville Jaguars,12/27/1997,AFC Wild Card,JAX,@,DEN,L17-42,2,0,1,1,1,2,0,0,17
0,,Denver Broncos,1/25/1998,Super Bowl,DEN,vs,GB,W31-24,4,0,4,0,1,4,0,0,31
1,,Denver Broncos,1/11/1998,AFC Championship,DEN,@,PIT,W24-21,3,2,1,0,1,3,0,0,24
2,,Denver Broncos,1/4/1998,AFC Divisional,DEN,@,KC,W14-10,2,0,2,0,0,2,0,0,14
3,,Denver Broncos,12/27/1997,AFC Wild Card,DEN,vs,JAX,W42-17,6,1,5,0,0,6,0,0,42
0,,Tampa Bay Buccaneers,1/4/1998,NFC Divisional,TB,@,GB,L7-21,1,0,1,0,0,1,0,0,7
1,,Tampa Bay Buccaneers,12/28/1997,NFC Wild Card,TB,vs,DET,W20-10,2,1,1,0,2,2,0,0,20
0,,Green Bay Packers,1/25/1998,Super Bowl,GB,@,DEN,L24-31,3,3,0,0,1,3,0,0,24
1,,Denver Broncos,1/25/1998,Super Bowl,DEN,vs,GB,W31-24,4,0,4,0,1,4,0,0,31
2,,Pittsburgh Steelers,1/11/1998,AFC Championship,PIT,vs,DEN,L21-24,3,1,2,0,0,3,0,0,21
3,,Denver Broncos,1/11/1998,AFC Championship,DEN,@,PIT,W24-21,3,2,1,0,1,3,0,0,24
4,,Green Bay Packers,1/11/1998,NFC Championship,GB,@,SF,W23-10,2,1,1,0,3,2,0,0,23
5,,San Francisco 49ers,1/11/1998,NFC Championship,SF,vs,GB,L10-23,1,0,0,1,1,1,0,0,10
6,,Green Bay Packers,1/4/1998,NFC Divisional,GB,vs,TB,W21-7,2,1,1,0,2,1,1,0,21
7,,Tampa Bay Buccaneers,1/4/1998,NFC Divisional,TB,@,GB,L7-21,1,0,1,0,0,1,0,0,7
8,,Denver Broncos,1/4/1998,AFC Divisional,DEN,@,KC,W14-10,2,0,2,0,0,2,0,0,14
9,,Kansas City Chiefs,1/4/1998,AFC Divisional,KC,vs,DEN,L10-14,1,1,0,0,1,1,0,0,10
10,,Pittsburgh Steelers,1/3/1998,AFC Divisional,PIT,vs,NE,W7-6,1,0,1,0,0,1,0,0,7
11,,New England Patriots,1/3/1998,AFC Divisional,NE,@,PIT,L6-7,0,0,0,0,2,0,0,0,6
12,,San Francisco 49ers,1/3/1998,NFC Divisional,SF,vs,MIN,W38-22,5,1,3,1,1,5,0,0,38
13,,Minnesota Vikings,1/3/1998,NFC Divisional,MIN,@,SF,L22-38,3,3,0,0,0,2,1,0,22
14,,New England Patriots,12/28/1997,AFC Wild Card,NE,vs,MIA,W17-3,2,1,0,1,1,2,0,0,17
15,,Miami Dolphins,12/28/1997,AFC Wild Card,MIA,@,NE,L3-17,0,0,0,0,1,0,0,0,3
16,,Detroit Lions,12/28/1997,NFC Wild Card,DET,@,TB,L10-20,1,0,1,0,1,1,0,0,10
17,,Tampa Bay Buccaneers,12/28/1997,NFC Wild Card,TB,vs,DET,W20-10,2,1,1,0,2,2,0,0,20
18,,Denver Broncos,12/27/1997,AFC Wild Card,DEN,vs,JAX,W42-17,6,1,5,0,0,6,0,0,42
19,,Jacksonville Jaguars,12/27/1997,AFC Wild Card,JAX,@,DEN,L17-42,2,0,1,1,1,2,0,0,17
20,,New York Giants,12/27/1997,NFC Wild Card,NYG,vs,MIN,L22-23,1,1,0,0,5,1,0,0,22
21,,Minnesota Vikings,12/27/1997,NFC Wild Card,MIN,@,NYG,W23-22,2,1,1,0,3,2,0,0,23
0,,New England Patriots,1/3/1998,AFC Divisional,NE,@,PIT,L6-7,0,0,0,0,2,0,0,0,6
1,,New England Patriots,12/28/1997,AFC Wild Card,NE,vs,MIA,W17-3,2,1,0,1,1,2,0,0,17
0,,Kansas City Chiefs,1/4/1998,AFC Divisional,KC,vs,DEN,L10-14,1,1,0,0,1,1,0,0,10
0,,Minnesota Vikings,1/3/1998,NFC Divisional,MIN,@,SF,L22-38,3,3,0,0,0,2,1,0,22
1,,Minnesota Vikings,12/27/1997,NFC Wild Card,MIN,@,NYG,W23-22,2,1,1,0,3,2,0,0,23
0,,San Francisco 49ers,1/11/1998,NFC Championship,SF,vs,GB,L10-23,1,0,0,1,1,1,0,0,10
1,,San Francisco 49ers,1/3/1998,NFC Divisional,SF,vs,MIN,W38-22,5,1,3,1,1,5,0,0,38
0,,Pittsburgh Steelers,1/11/1998,AFC Championship,PIT,vs,DEN,L21-24,3,1,2,0,0,3,0,0,21
1,,Pittsburgh Steelers,1/3/1998,AFC Divisional,PIT,vs,NE,W7-6,1,0,1,0,0,1,0,0,7
0,,Detroit Lions,12/28/1997,NFC Wild Card,DET,@,TB,L10-20,1,0,1,0,1,1,0,0,10
0,,Buffalo Bills,12/28/1996,AFC Wild Card,BUF,vs,JAX,L27-30,3,1,1,1,2,3,0,0,27
0,,Green Bay Packers,1/26/1997,Super Bowl,GB,vs,NE,W35-21,4,2,1,1,2,3,1,0,35
1,,New England Patriots,1/26/1997,Super Bowl,NE,@,GB,L21-35,3,2,1,0,0,3,0,0,21
2,,Green Bay Packers,1/12/1997,NFC Championship,GB,vs,CAR,W30-13,3,2,1,0,3,3,0,0,30
3,,Carolina Panthers,1/12/1997,NFC Championship,CAR,@,GB,L13-30,1,1,0,0,2,1,0,0,13
4,,New England Patriots,1/12/1997,AFC Championship,NE,vs,JAX,W20-6,2,0,1,1,2,2,0,0,20
5,,Jacksonville Jaguars,1/12/1997,AFC Championship,JAX,@,NE,L6-20,0,0,0,0,2,0,0,0,6
6,,Dallas Cowboys,1/5/1997,NFC Divisional,DAL,@,CAR,L17-26,1,1,0,0,3,0,0,1,17
7,,Carolina Panthers,1/5/1997,NFC Divisional,CAR,vs,DAL,W26-17,2,2,0,0,4,2,0,0,26
8,,Pittsburgh Steelers,1/5/1997,AFC Divisional,PIT,@,NE,L3-28,0,0,0,0,1,0,0,0,3
9,,New England Patriots,1/5/1997,AFC Divisional,NE,vs,PIT,W28-3,4,1,3,0,0,4,0,0,28
10,,Denver Broncos,1/4/1997,AFC Divisional,DEN,vs,JAX,L27-30,4,2,2,0,0,1,1,0,27
11,,Jacksonville Jaguars,1/4/1997,AFC Divisional,JAX,@,DEN,W30-27,3,2,1,0,3,3,0,0,30
12,,Green Bay Packers,1/4/1997,NFC Divisional,GB,vs,SF,W35-14,5,1,2,2,0,5,0,0,35
13,,San Francisco 49ers,1/4/1997,NFC Divisional,SF,@,GB,L14-35,2,1,1,0,0,2,0,0,14
14,,Pittsburgh Steelers,12/29/1996,AFC Wild Card,PIT,vs,IND,W42-14,5,0,5,0,2,4,1,0,42
15,,Indianapolis Colts,12/29/1996,AFC Wild Card,IND,@,PIT,L14-42,2,1,0,1,0,2,0,0,14
16,,Philadelphia Eagles,12/29/1996,NFC Wild Card,PHI,@,SF,L0-14,0,0,0,0,0,0,0,0,0
17,,San Francisco 49ers,12/29/1996,NFC Wild Card,SF,vs,PHI,W14-0,2,1,1,0,0,2,0,0,14
18,,Buffalo Bills,12/28/1996,AFC Wild Card,BUF,vs,JAX,L27-30,3,1,1,1,2,3,0,0,27
19,,Jacksonville Jaguars,12/28/1996,AFC Wild Card,JAX,@,BUF,W30-27,3,1,1,1,3,3,0,0,30
20,,Dallas Cowboys,12/28/1996,NFC Wild Card,DAL,vs,MIN,W40-15,4,0,3,1,4,4,0,0,40
21,,Minnesota Vikings,12/28/1996,NFC Wild Card,MIN,@,DAL,L15-40,2,1,1,0,0,1,1,0,15
0,,Green Bay Packers,1/26/1997,Super Bowl,GB,vs,NE,W35-21,4,2,1,1,2,3,1,0,35
1,,Green Bay Packers,1/12/1997,NFC Championship,GB,vs,CAR,W30-13,3,2,1,0,3,3,0,0,30
2,,Green Bay Packers,1/4/1997,NFC Divisional,GB,vs,SF,W35-14,5,1,2,2,0,5,0,0,35
0,,Green Bay Packers,1/26/1997,Super Bowl,GB,vs,NE,W35-21,4,2,1,1,2,3,1,0,35
1,,New England Patriots,1/26/1997,Super Bowl,NE,@,GB,L21-35,3,2,1,0,0,3,0,0,21
2,,Green Bay Packers,1/12/1997,NFC Championship,GB,vs,CAR,W30-13,3,2,1,0,3,3,0,0,30
3,,Carolina Panthers,1/12/1997,NFC Championship,CAR,@,GB,L13-30,1,1,0,0,2,1,0,0,13
4,,New England Patriots,1/12/1997,AFC Championship,NE,vs,JAX,W20-6,2,0,1,1,2,2,0,0,20
5,,Jacksonville Jaguars,1/12/1997,AFC Championship,JAX,@,NE,L6-20,0,0,0,0,2,0,0,0,6
6,,Dallas Cowboys,1/5/1997,NFC Divisional,DAL,@,CAR,L17-26,1,1,0,0,3,0,0,1,17
7,,Carolina Panthers,1/5/1997,NFC Divisional,CAR,vs,DAL,W26-17,2,2,0,0,4,2,0,0,26
8,,Pittsburgh Steelers,1/5/1997,AFC Divisional,PIT,@,NE,L3-28,0,0,0,0,1,0,0,0,3
9,,New England Patriots,1/5/1997,AFC Divisional,NE,vs,PIT,W28-3,4,1,3,0,0,4,0,0,28
10,,Denver Broncos,1/4/1997,AFC Divisional,DEN,vs,JAX,L27-30,4,2,2,0,0,1,1,0,27
11,,Jacksonville Jaguars,1/4/1997,AFC Divisional,JAX,@,DEN,W30-27,3,2,1,0,3,3,0,0,30
12,,Green Bay Packers,1/4/1997,NFC Divisional,GB,vs,SF,W35-14,5,1,2,2,0,5,0,0,35
13,,San Francisco 49ers,1/4/1997,NFC Divisional,SF,@,GB,L14-35,2,1,1,0,0,2,0,0,14
14,,Pittsburgh Steelers,12/29/1996,AFC Wild Card,PIT,vs,IND,W42-14,5,0,5,0,2,4,1,0,42
15,,Indianapolis Colts,12/29/1996,AFC Wild Card,IND,@,PIT,L14-42,2,1,0,1,0,2,0,0,14
16,,Philadelphia Eagles,12/29/1996,NFC Wild Card,PHI,@,SF,L0-14,0,0,0,0,0,0,0,0,0
17,,San Francisco 49ers,12/29/1996,NFC Wild Card,SF,vs,PHI,W14-0,2,1,1,0,0,2,0,0,14
18,,Buffalo Bills,12/28/1996,AFC Wild Card,BUF,vs,JAX,L27-30,3,1,1,1,2,3,0,0,27
19,,Jacksonville Jaguars,12/28/1996,AFC Wild Card,JAX,@,BUF,W30-27,3,1,1,1,3,3,0,0,30
20,,Dallas Cowboys,12/28/1996,NFC Wild Card,DAL,vs,MIN,W40-15,4,0,3,1,4,4,0,0,40
21,,Minnesota Vikings,12/28/1996,NFC Wild Card,MIN,@,DAL,L15-40,2,1,1,0,0,1,1,0,15
0,,Carolina Panthers,1/12/1997,NFC Championship,CAR,@,GB,L13-30,1,1,0,0,2,1,0,0,13
1,,Carolina Panthers,1/5/1997,NFC Divisional,CAR,vs,DAL,W26-17,2,2,0,0,4,2,0,0,26
0,,Jacksonville Jaguars,1/12/1997,AFC Championship,JAX,@,NE,L6-20,0,0,0,0,2,0,0,0,6
1,,Jacksonville Jaguars,1/4/1997,AFC Divisional,JAX,@,DEN,W30-27,3,2,1,0,3,3,0,0,30
2,,Jacksonville Jaguars,12/28/1996,AFC Wild Card,JAX,@,BUF,W30-27,3,1,1,1,3,3,0,0,30
0,,Denver Broncos,1/4/1997,AFC Divisional,DEN,vs,JAX,L27-30,4,2,2,0,0,1,1,0,27
0,,Green Bay Packers,1/26/1997,Super Bowl,GB,vs,NE,W35-21,4,2,1,1,2,3,1,0,35
1,,New England Patriots,1/26/1997,Super Bowl,NE,@,GB,L21-35,3,2,1,0,0,3,0,0,21
2,,Green Bay Packers,1/12/1997,NFC Championship,GB,vs,CAR,W30-13,3,2,1,0,3,3,0,0,30
3,,Carolina Panthers,1/12/1997,NFC Championship,CAR,@,GB,L13-30,1,1,0,0,2,1,0,0,13
4,,New England Patriots,1/12/1997,AFC Championship,NE,vs,JAX,W20-6,2,0,1,1,2,2,0,0,20
5,,Jacksonville Jaguars,1/12/1997,AFC Championship,JAX,@,NE,L6-20,0,0,0,0,2,0,0,0,6
6,,Dallas Cowboys,1/5/1997,NFC Divisional,DAL,@,CAR,L17-26,1,1,0,0,3,0,0,1,17
7,,Carolina Panthers,1/5/1997,NFC Divisional,CAR,vs,DAL,W26-17,2,2,0,0,4,2,0,0,26
8,,Pittsburgh Steelers,1/5/1997,AFC Divisional,PIT,@,NE,L3-28,0,0,0,0,1,0,0,0,3
9,,New England Patriots,1/5/1997,AFC Divisional,NE,vs,PIT,W28-3,4,1,3,0,0,4,0,0,28
10,,Denver Broncos,1/4/1997,AFC Divisional,DEN,vs,JAX,L27-30,4,2,2,0,0,1,1,0,27
11,,Jacksonville Jaguars,1/4/1997,AFC Divisional,JAX,@,DEN,W30-27,3,2,1,0,3,3,0,0,30
12,,Green Bay Packers,1/4/1997,NFC Divisional,GB,vs,SF,W35-14,5,1,2,2,0,5,0,0,35
13,,San Francisco 49ers,1/4/1997,NFC Divisional,SF,@,GB,L14-35,2,1,1,0,0,2,0,0,14
14,,Pittsburgh Steelers,12/29/1996,AFC Wild Card,PIT,vs,IND,W42-14,5,0,5,0,2,4,1,0,42
15,,Indianapolis Colts,12/29/1996,AFC Wild Card,IND,@,PIT,L14-42,2,1,0,1,0,2,0,0,14
16,,Philadelphia Eagles,12/29/1996,NFC Wild Card,PHI,@,SF,L0-14,0,0,0,0,0,0,0,0,0
17,,San Francisco 49ers,12/29/1996,NFC Wild Card,SF,vs,PHI,W14-0,2,1,1,0,0,2,0,0,14
18,,Buffalo Bills,12/28/1996,AFC Wild Card,BUF,vs,JAX,L27-30,3,1,1,1,2,3,0,0,27
19,,Jacksonville Jaguars,12/28/1996,AFC Wild Card,JAX,@,BUF,W30-27,3,1,1,1,3,3,0,0,30
20,,Dallas Cowboys,12/28/1996,NFC Wild Card,DAL,vs,MIN,W40-15,4,0,3,1,4,4,0,0,40
21,,Minnesota Vikings,12/28/1996,NFC Wild Card,MIN,@,DAL,L15-40,2,1,1,0,0,1,1,0,15
0,,New England Patriots,1/26/1997,Super Bowl,NE,@,GB,L21-35,3,2,1,0,0,3,0,0,21
1,,New England Patriots,1/12/1997,AFC Championship,NE,vs,JAX,W20-6,2,0,1,1,2,2,0,0,20
2,,New England Patriots,1/5/1997,AFC Divisional,NE,vs,PIT,W28-3,4,1,3,0,0,4,0,0,28
0,,Dallas Cowboys,1/5/1997,NFC Divisional,DAL,@,CAR,L17-26,1,1,0,0,3,0,0,1,17
1,,Dallas Cowboys,12/28/1996,NFC Wild Card,DAL,vs,MIN,W40-15,4,0,3,1,4,4,0,0,40
0,,Indianapolis Colts,12/29/1996,AFC Wild Card,IND,@,PIT,L14-42,2,1,0,1,0,2,0,0,14
0,,Minnesota Vikings,12/28/1996,NFC Wild Card,MIN,@,DAL,L15-40,2,1,1,0,0,1,1,0,15
0,,San Francisco 49ers,1/4/1997,NFC Divisional,SF,@,GB,L14-35,2,1,1,0,0,2,0,0,14
1,,San Francisco 49ers,12/29/1996,NFC Wild Card,SF,vs,PHI,W14-0,2,1,1,0,0,2,0,0,14
0,,Pittsburgh Steelers,1/5/1997,AFC Divisional,PIT,@,NE,L3-28,0,0,0,0,1,0,0,0,3
1,,Pittsburgh Steelers,12/29/1996,AFC Wild Card,PIT,vs,IND,W42-14,5,0,5,0,2,4,1,0,42
0,,Philadelphia Eagles,12/29/1996,NFC Wild Card,PHI,@,SF,L0-14,0,0,0,0,0,0,0,0,0
0,,Buffalo Bills,1/6/1996,AFC Divisional,BUF,@,PIT,L21-40,3,2,1,0,0,3,0,0,21
1,,Buffalo Bills,12/30/1995,AFC Wild Card,BUF,vs,MIA,W37-22,4,1,3,0,3,4,0,0,37
0,,Green Bay Packers,1/14/1996,NFC Championship,GB,@,DAL,L27-38,3,3,0,0,2,3,0,0,27
1,,Green Bay Packers,1/6/1996,NFC Divisional,GB,@,SF,W27-17,3,2,0,1,2,3,0,0,27
2,,Green Bay Packers,12/31/1995,NFC Wild Card,GB,vs,ATL,W37-20,5,3,1,1,1,4,0,0,37
0,,Pittsburgh Steelers,1/28/1996,Super Bowl,PIT,vs,DAL,L17-27,2,1,1,0,1,2,0,0,17
1,,Dallas Cowboys,1/28/1996,Super Bowl,DAL,@,PIT,W27-17,3,1,2,0,2,3,0,0,27
2,,Green Bay Packers,1/14/1996,NFC Championship,GB,@,DAL,L27-38,3,3,0,0,2,3,0,0,27
3,,Dallas Cowboys,1/14/1996,NFC Championship,DAL,vs,GB,W38-27,5,2,3,0,1,5,0,0,38
4,,Pittsburgh Steelers,1/14/1996,AFC Championship,PIT,vs,IND,W20-16,2,1,1,0,2,2,0,0,20
5,,Indianapolis Colts,1/14/1996,AFC Championship,IND,@,PIT,L16-20,1,1,0,0,3,1,0,0,16
6,,Philadelphia Eagles,1/7/1996,NFC Divisional,PHI,@,DAL,L11-30,1,0,1,0,1,0,1,0,11
7,,Dallas Cowboys,1/7/1996,NFC Divisional,DAL,vs,PHI,W30-11,3,1,2,0,3,3,0,0,30
8,,Indianapolis Colts,1/7/1996,AFC Divisional,IND,@,KC,W10-7,1,1,0,0,1,1,0,0,10
9,,Kansas City Chiefs,1/7/1996,AFC Divisional,KC,vs,IND,L7-10,1,1,0,0,0,1,0,0,7
10,,Pittsburgh Steelers,1/6/1996,AFC Divisional,PIT,vs,BUF,W40-21,4,1,3,0,4,4,0,0,40
11,,Buffalo Bills,1/6/1996,AFC Divisional,BUF,@,PIT,L21-40,3,2,1,0,0,3,0,0,21
12,,Green Bay Packers,1/6/1996,NFC Divisional,GB,@,SF,W27-17,3,2,0,1,2,3,0,0,27
13,,San Francisco 49ers,1/6/1996,NFC Divisional,SF,vs,GB,L17-27,2,0,2,0,1,2,0,0,17
14,,Green Bay Packers,12/31/1995,NFC Wild Card,GB,vs,ATL,W37-20,5,3,1,1,1,4,0,0,37
15,,Atlanta Falcons,12/31/1995,NFC Wild Card,ATL,@,GB,L20-37,2,2,0,0,2,2,0,0,20
16,,Indianapolis Colts,12/31/1995,AFC Wild Card,IND,@,SD,W35-20,5,2,3,0,0,5,0,0,35
17,,San Diego Chargers,12/31/1995,AFC Wild Card,SD,vs,IND,L20-35,2,2,0,0,2,2,0,0,20
18,,Buffalo Bills,12/30/1995,AFC Wild Card,BUF,vs,MIA,W37-22,4,1,3,0,3,4,0,0,37
19,,Miami Dolphins,12/30/1995,AFC Wild Card,MIA,@,BUF,L22-37,3,2,1,0,0,2,1,0,22
20,,Detroit Lions,12/30/1995,NFC Wild Card,DET,@,PHI,L37-58,5,4,1,0,0,3,2,0,37
21,,Philadelphia Eagles,12/30/1995,NFC Wild Card,PHI,vs,DET,W58-37,7,3,2,2,3,7,0,0,58
0,,Miami Dolphins,12/30/1995,AFC Wild Card,MIA,@,BUF,L22-37,3,2,1,0,0,2,1,0,22
0,,Pittsburgh Steelers,1/28/1996,Super Bowl,PIT,vs,DAL,L17-27,2,1,1,0,1,2,0,0,17
1,,Dallas Cowboys,1/28/1996,Super Bowl,DAL,@,PIT,W27-17,3,1,2,0,2,3,0,0,27
2,,Green Bay Packers,1/14/1996,NFC Championship,GB,@,DAL,L27-38,3,3,0,0,2,3,0,0,27
3,,Dallas Cowboys,1/14/1996,NFC Championship,DAL,vs,GB,W38-27,5,2,3,0,1,5,0,0,38
4,,Pittsburgh Steelers,1/14/1996,AFC Championship,PIT,vs,IND,W20-16,2,1,1,0,2,2,0,0,20
5,,Indianapolis Colts,1/14/1996,AFC Championship,IND,@,PIT,L16-20,1,1,0,0,3,1,0,0,16
6,,Philadelphia Eagles,1/7/1996,NFC Divisional,PHI,@,DAL,L11-30,1,0,1,0,1,0,1,0,11
7,,Dallas Cowboys,1/7/1996,NFC Divisional,DAL,vs,PHI,W30-11,3,1,2,0,3,3,0,0,30
8,,Indianapolis Colts,1/7/1996,AFC Divisional,IND,@,KC,W10-7,1,1,0,0,1,1,0,0,10
9,,Kansas City Chiefs,1/7/1996,AFC Divisional,KC,vs,IND,L7-10,1,1,0,0,0,1,0,0,7
10,,Pittsburgh Steelers,1/6/1996,AFC Divisional,PIT,vs,BUF,W40-21,4,1,3,0,4,4,0,0,40
11,,Buffalo Bills,1/6/1996,AFC Divisional,BUF,@,PIT,L21-40,3,2,1,0,0,3,0,0,21
12,,Green Bay Packers,1/6/1996,NFC Divisional,GB,@,SF,W27-17,3,2,0,1,2,3,0,0,27
13,,San Francisco 49ers,1/6/1996,NFC Divisional,SF,vs,GB,L17-27,2,0,2,0,1,2,0,0,17
14,,Green Bay Packers,12/31/1995,NFC Wild Card,GB,vs,ATL,W37-20,5,3,1,1,1,4,0,0,37
15,,Atlanta Falcons,12/31/1995,NFC Wild Card,ATL,@,GB,L20-37,2,2,0,0,2,2,0,0,20
16,,Indianapolis Colts,12/31/1995,AFC Wild Card,IND,@,SD,W35-20,5,2,3,0,0,5,0,0,35
17,,San Diego Chargers,12/31/1995,AFC Wild Card,SD,vs,IND,L20-35,2,2,0,0,2,2,0,0,20
18,,Buffalo Bills,12/30/1995,AFC Wild Card,BUF,vs,MIA,W37-22,4,1,3,0,3,4,0,0,37
19,,Miami Dolphins,12/30/1995,AFC Wild Card,MIA,@,BUF,L22-37,3,2,1,0,0,2,1,0,22
20,,Detroit Lions,12/30/1995,NFC Wild Card,DET,@,PHI,L37-58,5,4,1,0,0,3,2,0,37
21,,Philadelphia Eagles,12/30/1995,NFC Wild Card,PHI,vs,DET,W58-37,7,3,2,2,3,7,0,0,58
0,,Atlanta Falcons,12/31/1995,NFC Wild Card,ATL,@,GB,L20-37,2,2,0,0,2,2,0,0,20
0,,Dallas Cowboys,1/28/1996,Super Bowl,DAL,@,PIT,W27-17,3,1,2,0,2,3,0,0,27
1,,Dallas Cowboys,1/14/1996,NFC Championship,DAL,vs,GB,W38-27,5,2,3,0,1,5,0,0,38
2,,Dallas Cowboys,1/7/1996,NFC Divisional,DAL,vs,PHI,W30-11,3,1,2,0,3,3,0,0,30
0,,Indianapolis Colts,1/14/1996,AFC Championship,IND,@,PIT,L16-20,1,1,0,0,3,1,0,0,16
1,,Indianapolis Colts,1/7/1996,AFC Divisional,IND,@,KC,W10-7,1,1,0,0,1,1,0,0,10
2,,Indianapolis Colts,12/31/1995,AFC Wild Card,IND,@,SD,W35-20,5,2,3,0,0,5,0,0,35
0,,Kansas City Chiefs,1/7/1996,AFC Divisional,KC,vs,IND,L7-10,1,1,0,0,0,1,0,0,7
0,,Pittsburgh Steelers,1/28/1996,Super Bowl,PIT,vs,DAL,L17-27,2,1,1,0,1,2,0,0,17
1,,Dallas Cowboys,1/28/1996,Super Bowl,DAL,@,PIT,W27-17,3,1,2,0,2,3,0,0,27
2,,Green Bay Packers,1/14/1996,NFC Championship,GB,@,DAL,L27-38,3,3,0,0,2,3,0,0,27
3,,Dallas Cowboys,1/14/1996,NFC Championship,DAL,vs,GB,W38-27,5,2,3,0,1,5,0,0,38
4,,Pittsburgh Steelers,1/14/1996,AFC Championship,PIT,vs,IND,W20-16,2,1,1,0,2,2,0,0,20
5,,Indianapolis Colts,1/14/1996,AFC Championship,IND,@,PIT,L16-20,1,1,0,0,3,1,0,0,16
6,,Philadelphia Eagles,1/7/1996,NFC Divisional,PHI,@,DAL,L11-30,1,0,1,0,1,0,1,0,11
7,,Dallas Cowboys,1/7/1996,NFC Divisional,DAL,vs,PHI,W30-11,3,1,2,0,3,3,0,0,30
8,,Indianapolis Colts,1/7/1996,AFC Divisional,IND,@,KC,W10-7,1,1,0,0,1,1,0,0,10
9,,Kansas City Chiefs,1/7/1996,AFC Divisional,KC,vs,IND,L7-10,1,1,0,0,0,1,0,0,7
10,,Pittsburgh Steelers,1/6/1996,AFC Divisional,PIT,vs,BUF,W40-21,4,1,3,0,4,4,0,0,40
11,,Buffalo Bills,1/6/1996,AFC Divisional,BUF,@,PIT,L21-40,3,2,1,0,0,3,0,0,21
12,,Green Bay Packers,1/6/1996,NFC Divisional,GB,@,SF,W27-17,3,2,0,1,2,3,0,0,27
13,,San Francisco 49ers,1/6/1996,NFC Divisional,SF,vs,GB,L17-27,2,0,2,0,1,2,0,0,17
14,,Green Bay Packers,12/31/1995,NFC Wild Card,GB,vs,ATL,W37-20,5,3,1,1,1,4,0,0,37
15,,Atlanta Falcons,12/31/1995,NFC Wild Card,ATL,@,GB,L20-37,2,2,0,0,2,2,0,0,20
16,,Indianapolis Colts,12/31/1995,AFC Wild Card,IND,@,SD,W35-20,5,2,3,0,0,5,0,0,35
17,,San Diego Chargers,12/31/1995,AFC Wild Card,SD,vs,IND,L20-35,2,2,0,0,2,2,0,0,20
18,,Buffalo Bills,12/30/1995,AFC Wild Card,BUF,vs,MIA,W37-22,4,1,3,0,3,4,0,0,37
19,,Miami Dolphins,12/30/1995,AFC Wild Card,MIA,@,BUF,L22-37,3,2,1,0,0,2,1,0,22
20,,Detroit Lions,12/30/1995,NFC Wild Card,DET,@,PHI,L37-58,5,4,1,0,0,3,2,0,37
21,,Philadelphia Eagles,12/30/1995,NFC Wild Card,PHI,vs,DET,W58-37,7,3,2,2,3,7,0,0,58
0,,San Diego Chargers,12/31/1995,AFC Wild Card,SD,vs,IND,L20-35,2,2,0,0,2,2,0,0,20
0,,San Francisco 49ers,1/6/1996,NFC Divisional,SF,vs,GB,L17-27,2,0,2,0,1,2,0,0,17
0,,Pittsburgh Steelers,1/28/1996,Super Bowl,PIT,vs,DAL,L17-27,2,1,1,0,1,2,0,0,17
1,,Pittsburgh Steelers,1/14/1996,AFC Championship,PIT,vs,IND,W20-16,2,1,1,0,2,2,0,0,20
2,,Pittsburgh Steelers,1/6/1996,AFC Divisional,PIT,vs,BUF,W40-21,4,1,3,0,4,4,0,0,40
0,,Philadelphia Eagles,1/7/1996,NFC Divisional,PHI,@,DAL,L11-30,1,0,1,0,1,0,1,0,11
1,,Philadelphia Eagles,12/30/1995,NFC Wild Card,PHI,vs,DET,W58-37,7,3,2,2,3,7,0,0,58
0,,Detroit Lions,12/30/1995,NFC Wild Card,DET,@,PHI,L37-58,5,4,1,0,0,3,2,0,37
0,,Chicago Bears,1/7/1995,NFC Divisional,CHI,@,SF,L15-44,2,1,1,0,1,0,0,0,15
1,,Chicago Bears,1/1/1995,NFC Wild Card,CHI,@,MIN,W35-18,5,2,2,1,0,5,0,0,35
0,,Cleveland Browns,1/7/1995,AFC Divisional,CLE,@,PIT,L9-29,1,1,0,0,1,0,0,0,9
1,,Cleveland Browns,1/1/1995,AFC Wild Card,CLE,vs,NE,W20-13,2,1,1,0,2,2,0,0,20
0,,Green Bay Packers,1/8/1995,NFC Divisional,GB,@,DAL,L9-35,1,0,1,0,1,0,0,0,9
1,,Green Bay Packers,12/31/1994,NFC Wild Card,GB,vs,DET,W16-12,1,0,1,0,3,1,0,0,16
0,,San Francisco 49ers,1/29/1995,Super Bowl,SF,vs,SD,W49-26,7,6,1,0,0,7,0,0,49
1,,San Diego Chargers,1/29/1995,Super Bowl,SD,@,SF,L26-49,3,1,1,1,1,1,2,0,26
2,,Pittsburgh Steelers,1/15/1995,AFC Championship,PIT,vs,SD,L13-17,1,1,0,0,2,1,0,0,13
3,,San Diego Chargers,1/15/1995,AFC Championship,SD,@,PIT,W17-13,2,2,0,0,1,2,0,0,17
4,,San Francisco 49ers,1/15/1995,NFC Championship,SF,vs,DAL,W38-28,5,2,2,1,1,5,0,0,38
5,,Dallas Cowboys,1/15/1995,NFC Championship,DAL,@,SF,L28-38,4,2,2,0,0,4,0,0,28
6,,Green Bay Packers,1/8/1995,NFC Divisional,GB,@,DAL,L9-35,1,0,1,0,1,0,0,0,9
7,,Dallas Cowboys,1/8/1995,NFC Divisional,DAL,vs,GB,W35-9,5,2,3,0,0,5,0,0,35
8,,San Diego Chargers,1/8/1995,AFC Divisional,SD,vs,MIA,W22-21,2,1,1,0,2,2,0,1,22
9,,Miami Dolphins,1/8/1995,AFC Divisional,MIA,@,SD,L21-22,3,3,0,0,0,3,0,0,21
10,,Pittsburgh Steelers,1/7/1995,AFC Divisional,PIT,vs,CLE,W29-9,3,2,1,0,2,3,0,1,29
11,,Cleveland Browns,1/7/1995,AFC Divisional,CLE,@,PIT,L9-29,1,1,0,0,1,0,0,0,9
12,,Chicago Bears,1/7/1995,NFC Divisional,CHI,@,SF,L15-44,2,1,1,0,1,0,0,0,15
13,,San Francisco 49ers,1/7/1995,NFC Divisional,SF,vs,CHI,W44-15,6,1,5,0,1,5,0,0,44
14,,Cleveland Browns,1/1/1995,AFC Wild Card,CLE,vs,NE,W20-13,2,1,1,0,2,2,0,0,20
15,,New England Patriots,1/1/1995,AFC Wild Card,NE,@,CLE,L13-20,1,1,0,0,2,1,0,0,13
16,,Chicago Bears,1/1/1995,NFC Wild Card,CHI,@,MIN,W35-18,5,2,2,1,0,5,0,0,35
17,,Minnesota Vikings,1/1/1995,NFC Wild Card,MIN,vs,CHI,L18-35,2,2,0,0,2,0,0,0,18
18,,Green Bay Packers,12/31/1994,NFC Wild Card,GB,vs,DET,W16-12,1,0,1,0,3,1,0,0,16
19,,Detroit Lions,12/31/1994,NFC Wild Card,DET,@,GB,L12-16,1,1,0,0,1,1,0,1,12
20,,Kansas City Chiefs,12/31/1994,AFC Wild Card,KC,@,MIA,L17-27,2,2,0,0,1,2,0,0,17
21,,Miami Dolphins,12/31/1994,AFC Wild Card,MIA,vs,KC,W27-17,3,2,1,0,2,3,0,0,27
0,,Miami Dolphins,1/8/1995,AFC Divisional,MIA,@,SD,L21-22,3,3,0,0,0,3,0,0,21
1,,Miami Dolphins,12/31/1994,AFC Wild Card,MIA,vs,KC,W27-17,3,2,1,0,2,3,0,0,27
0,,San Francisco 49ers,1/29/1995,Super Bowl,SF,vs,SD,W49-26,7,6,1,0,0,7,0,0,49
1,,San Diego Chargers,1/29/1995,Super Bowl,SD,@,SF,L26-49,3,1,1,1,1,1,2,0,26
2,,Pittsburgh Steelers,1/15/1995,AFC Championship,PIT,vs,SD,L13-17,1,1,0,0,2,1,0,0,13
3,,San Diego Chargers,1/15/1995,AFC Championship,SD,@,PIT,W17-13,2,2,0,0,1,2,0,0,17
4,,San Francisco 49ers,1/15/1995,NFC Championship,SF,vs,DAL,W38-28,5,2,2,1,1,5,0,0,38
5,,Dallas Cowboys,1/15/1995,NFC Championship,DAL,@,SF,L28-38,4,2,2,0,0,4,0,0,28
6,,Green Bay Packers,1/8/1995,NFC Divisional,GB,@,DAL,L9-35,1,0,1,0,1,0,0,0,9
7,,Dallas Cowboys,1/8/1995,NFC Divisional,DAL,vs,GB,W35-9,5,2,3,0,0,5,0,0,35
8,,San Diego Chargers,1/8/1995,AFC Divisional,SD,vs,MIA,W22-21,2,1,1,0,2,2,0,1,22
9,,Miami Dolphins,1/8/1995,AFC Divisional,MIA,@,SD,L21-22,3,3,0,0,0,3,0,0,21
10,,Pittsburgh Steelers,1/7/1995,AFC Divisional,PIT,vs,CLE,W29-9,3,2,1,0,2,3,0,1,29
11,,Cleveland Browns,1/7/1995,AFC Divisional,CLE,@,PIT,L9-29,1,1,0,0,1,0,0,0,9
12,,Chicago Bears,1/7/1995,NFC Divisional,CHI,@,SF,L15-44,2,1,1,0,1,0,0,0,15
13,,San Francisco 49ers,1/7/1995,NFC Divisional,SF,vs,CHI,W44-15,6,1,5,0,1,5,0,0,44
14,,Cleveland Browns,1/1/1995,AFC Wild Card,CLE,vs,NE,W20-13,2,1,1,0,2,2,0,0,20
15,,New England Patriots,1/1/1995,AFC Wild Card,NE,@,CLE,L13-20,1,1,0,0,2,1,0,0,13
16,,Chicago Bears,1/1/1995,NFC Wild Card,CHI,@,MIN,W35-18,5,2,2,1,0,5,0,0,35
17,,Minnesota Vikings,1/1/1995,NFC Wild Card,MIN,vs,CHI,L18-35,2,2,0,0,2,0,0,0,18
18,,Green Bay Packers,12/31/1994,NFC Wild Card,GB,vs,DET,W16-12,1,0,1,0,3,1,0,0,16
19,,Detroit Lions,12/31/1994,NFC Wild Card,DET,@,GB,L12-16,1,1,0,0,1,1,0,1,12
20,,Kansas City Chiefs,12/31/1994,AFC Wild Card,KC,@,MIA,L17-27,2,2,0,0,1,2,0,0,17
21,,Miami Dolphins,12/31/1994,AFC Wild Card,MIA,vs,KC,W27-17,3,2,1,0,2,3,0,0,27
0,,San Francisco 49ers,1/29/1995,Super Bowl,SF,vs,SD,W49-26,7,6,1,0,0,7,0,0,49
1,,San Diego Chargers,1/29/1995,Super Bowl,SD,@,SF,L26-49,3,1,1,1,1,1,2,0,26
2,,Pittsburgh Steelers,1/15/1995,AFC Championship,PIT,vs,SD,L13-17,1,1,0,0,2,1,0,0,13
3,,San Diego Chargers,1/15/1995,AFC Championship,SD,@,PIT,W17-13,2,2,0,0,1,2,0,0,17
4,,San Francisco 49ers,1/15/1995,NFC Championship,SF,vs,DAL,W38-28,5,2,2,1,1,5,0,0,38
5,,Dallas Cowboys,1/15/1995,NFC Championship,DAL,@,SF,L28-38,4,2,2,0,0,4,0,0,28
6,,Green Bay Packers,1/8/1995,NFC Divisional,GB,@,DAL,L9-35,1,0,1,0,1,0,0,0,9
7,,Dallas Cowboys,1/8/1995,NFC Divisional,DAL,vs,GB,W35-9,5,2,3,0,0,5,0,0,35
8,,San Diego Chargers,1/8/1995,AFC Divisional,SD,vs,MIA,W22-21,2,1,1,0,2,2,0,1,22
9,,Miami Dolphins,1/8/1995,AFC Divisional,MIA,@,SD,L21-22,3,3,0,0,0,3,0,0,21
10,,Pittsburgh Steelers,1/7/1995,AFC Divisional,PIT,vs,CLE,W29-9,3,2,1,0,2,3,0,1,29
11,,Cleveland Browns,1/7/1995,AFC Divisional,CLE,@,PIT,L9-29,1,1,0,0,1,0,0,0,9
12,,Chicago Bears,1/7/1995,NFC Divisional,CHI,@,SF,L15-44,2,1,1,0,1,0,0,0,15
13,,San Francisco 49ers,1/7/1995,NFC Divisional,SF,vs,CHI,W44-15,6,1,5,0,1,5,0,0,44
14,,Cleveland Browns,1/1/1995,AFC Wild Card,CLE,vs,NE,W20-13,2,1,1,0,2,2,0,0,20
15,,New England Patriots,1/1/1995,AFC Wild Card,NE,@,CLE,L13-20,1,1,0,0,2,1,0,0,13
16,,Chicago Bears,1/1/1995,NFC Wild Card,CHI,@,MIN,W35-18,5,2,2,1,0,5,0,0,35
17,,Minnesota Vikings,1/1/1995,NFC Wild Card,MIN,vs,CHI,L18-35,2,2,0,0,2,0,0,0,18
18,,Green Bay Packers,12/31/1994,NFC Wild Card,GB,vs,DET,W16-12,1,0,1,0,3,1,0,0,16
19,,Detroit Lions,12/31/1994,NFC Wild Card,DET,@,GB,L12-16,1,1,0,0,1,1,0,1,12
20,,Kansas City Chiefs,12/31/1994,AFC Wild Card,KC,@,MIA,L17-27,2,2,0,0,1,2,0,0,17
21,,Miami Dolphins,12/31/1994,AFC Wild Card,MIA,vs,KC,W27-17,3,2,1,0,2,3,0,0,27
0,,San Francisco 49ers,1/29/1995,Super Bowl,SF,vs,SD,W49-26,7,6,1,0,0,7,0,0,49
1,,San Diego Chargers,1/29/1995,Super Bowl,SD,@,SF,L26-49,3,1,1,1,1,1,2,0,26
2,,Pittsburgh Steelers,1/15/1995,AFC Championship,PIT,vs,SD,L13-17,1,1,0,0,2,1,0,0,13
3,,San Diego Chargers,1/15/1995,AFC Championship,SD,@,PIT,W17-13,2,2,0,0,1,2,0,0,17
4,,San Francisco 49ers,1/15/1995,NFC Championship,SF,vs,DAL,W38-28,5,2,2,1,1,5,0,0,38
5,,Dallas Cowboys,1/15/1995,NFC Championship,DAL,@,SF,L28-38,4,2,2,0,0,4,0,0,28
6,,Green Bay Packers,1/8/1995,NFC Divisional,GB,@,DAL,L9-35,1,0,1,0,1,0,0,0,9
7,,Dallas Cowboys,1/8/1995,NFC Divisional,DAL,vs,GB,W35-9,5,2,3,0,0,5,0,0,35
8,,San Diego Chargers,1/8/1995,AFC Divisional,SD,vs,MIA,W22-21,2,1,1,0,2,2,0,1,22
9,,Miami Dolphins,1/8/1995,AFC Divisional,MIA,@,SD,L21-22,3,3,0,0,0,3,0,0,21
10,,Pittsburgh Steelers,1/7/1995,AFC Divisional,PIT,vs,CLE,W29-9,3,2,1,0,2,3,0,1,29
11,,Cleveland Browns,1/7/1995,AFC Divisional,CLE,@,PIT,L9-29,1,1,0,0,1,0,0,0,9
12,,Chicago Bears,1/7/1995,NFC Divisional,CHI,@,SF,L15-44,2,1,1,0,1,0,0,0,15
13,,San Francisco 49ers,1/7/1995,NFC Divisional,SF,vs,CHI,W44-15,6,1,5,0,1,5,0,0,44
14,,Cleveland Browns,1/1/1995,AFC Wild Card,CLE,vs,NE,W20-13,2,1,1,0,2,2,0,0,20
15,,New England Patriots,1/1/1995,AFC Wild Card,NE,@,CLE,L13-20,1,1,0,0,2,1,0,0,13
16,,Chicago Bears,1/1/1995,NFC Wild Card,CHI,@,MIN,W35-18,5,2,2,1,0,5,0,0,35
17,,Minnesota Vikings,1/1/1995,NFC Wild Card,MIN,vs,CHI,L18-35,2,2,0,0,2,0,0,0,18
18,,Green Bay Packers,12/31/1994,NFC Wild Card,GB,vs,DET,W16-12,1,0,1,0,3,1,0,0,16
19,,Detroit Lions,12/31/1994,NFC Wild Card,DET,@,GB,L12-16,1,1,0,0,1,1,0,1,12
20,,Kansas City Chiefs,12/31/1994,AFC Wild Card,KC,@,MIA,L17-27,2,2,0,0,1,2,0,0,17
21,,Miami Dolphins,12/31/1994,AFC Wild Card,MIA,vs,KC,W27-17,3,2,1,0,2,3,0,0,27
0,,New England Patriots,1/1/1995,AFC Wild Card,NE,@,CLE,L13-20,1,1,0,0,2,1,0,0,13
0,,Dallas Cowboys,1/15/1995,NFC Championship,DAL,@,SF,L28-38,4,2,2,0,0,4,0,0,28
1,,Dallas Cowboys,1/8/1995,NFC Divisional,DAL,vs,GB,W35-9,5,2,3,0,0,5,0,0,35
0,,Kansas City Chiefs,12/31/1994,AFC Wild Card,KC,@,MIA,L17-27,2,2,0,0,1,2,0,0,17
0,,San Francisco 49ers,1/29/1995,Super Bowl,SF,vs,SD,W49-26,7,6,1,0,0,7,0,0,49
1,,San Diego Chargers,1/29/1995,Super Bowl,SD,@,SF,L26-49,3,1,1,1,1,1,2,0,26
2,,Pittsburgh Steelers,1/15/1995,AFC Championship,PIT,vs,SD,L13-17,1,1,0,0,2,1,0,0,13
3,,San Diego Chargers,1/15/1995,AFC Championship,SD,@,PIT,W17-13,2,2,0,0,1,2,0,0,17
4,,San Francisco 49ers,1/15/1995,NFC Championship,SF,vs,DAL,W38-28,5,2,2,1,1,5,0,0,38
5,,Dallas Cowboys,1/15/1995,NFC Championship,DAL,@,SF,L28-38,4,2,2,0,0,4,0,0,28
6,,Green Bay Packers,1/8/1995,NFC Divisional,GB,@,DAL,L9-35,1,0,1,0,1,0,0,0,9
7,,Dallas Cowboys,1/8/1995,NFC Divisional,DAL,vs,GB,W35-9,5,2,3,0,0,5,0,0,35
8,,San Diego Chargers,1/8/1995,AFC Divisional,SD,vs,MIA,W22-21,2,1,1,0,2,2,0,1,22
9,,Miami Dolphins,1/8/1995,AFC Divisional,MIA,@,SD,L21-22,3,3,0,0,0,3,0,0,21
10,,Pittsburgh Steelers,1/7/1995,AFC Divisional,PIT,vs,CLE,W29-9,3,2,1,0,2,3,0,1,29
11,,Cleveland Browns,1/7/1995,AFC Divisional,CLE,@,PIT,L9-29,1,1,0,0,1,0,0,0,9
12,,Chicago Bears,1/7/1995,NFC Divisional,CHI,@,SF,L15-44,2,1,1,0,1,0,0,0,15
13,,San Francisco 49ers,1/7/1995,NFC Divisional,SF,vs,CHI,W44-15,6,1,5,0,1,5,0,0,44
14,,Cleveland Browns,1/1/1995,AFC Wild Card,CLE,vs,NE,W20-13,2,1,1,0,2,2,0,0,20
15,,New England Patriots,1/1/1995,AFC Wild Card,NE,@,CLE,L13-20,1,1,0,0,2,1,0,0,13
16,,Chicago Bears,1/1/1995,NFC Wild Card,CHI,@,MIN,W35-18,5,2,2,1,0,5,0,0,35
17,,Minnesota Vikings,1/1/1995,NFC Wild Card,MIN,vs,CHI,L18-35,2,2,0,0,2,0,0,0,18
18,,Green Bay Packers,12/31/1994,NFC Wild Card,GB,vs,DET,W16-12,1,0,1,0,3,1,0,0,16
19,,Detroit Lions,12/31/1994,NFC Wild Card,DET,@,GB,L12-16,1,1,0,0,1,1,0,1,12
20,,Kansas City Chiefs,12/31/1994,AFC Wild Card,KC,@,MIA,L17-27,2,2,0,0,1,2,0,0,17
21,,Miami Dolphins,12/31/1994,AFC Wild Card,MIA,vs,KC,W27-17,3,2,1,0,2,3,0,0,27
0,,Minnesota Vikings,1/1/1995,NFC Wild Card,MIN,vs,CHI,L18-35,2,2,0,0,2,0,0,0,18
0,,San Diego Chargers,1/29/1995,Super Bowl,SD,@,SF,L26-49,3,1,1,1,1,1,2,0,26
1,,San Diego Chargers,1/15/1995,AFC Championship,SD,@,PIT,W17-13,2,2,0,0,1,2,0,0,17
2,,San Diego Chargers,1/8/1995,AFC Divisional,SD,vs,MIA,W22-21,2,1,1,0,2,2,0,1,22
0,,San Francisco 49ers,1/29/1995,Super Bowl,SF,vs,SD,W49-26,7,6,1,0,0,7,0,0,49
1,,San Francisco 49ers,1/15/1995,NFC Championship,SF,vs,DAL,W38-28,5,2,2,1,1,5,0,0,38
2,,San Francisco 49ers,1/7/1995,NFC Divisional,SF,vs,CHI,W44-15,6,1,5,0,1,5,0,0,44
0,,Pittsburgh Steelers,1/15/1995,AFC Championship,PIT,vs,SD,L13-17,1,1,0,0,2,1,0,0,13
1,,Pittsburgh Steelers,1/7/1995,AFC Divisional,PIT,vs,CLE,W29-9,3,2,1,0,2,3,0,1,29
0,,Detroit Lions,12/31/1994,NFC Wild Card,DET,@,GB,L12-16,1,1,0,0,1,1,0,1,12
